0.03,970
0.09,968
0.16,966
0.22,970
0.28,968
0.34,970
0.41,968
0.47,971
0.53,1006
0.59,655
0.66,748
0.72,818
0.78,763
0.84,745
0.91,1076
0.97,599
1.03,1662
1.09,550
1.16,714
1.22,1015
1.28,1130
1.34,701
1.41,682
1.47,841
1.53,786
1.59,753
1.66,727
1.72,809
1.78,786
1.84,770
1.91,756
1.97,782
2.03,783
2.09,786
2.16,768
2.22,774
2.28,777
2.34,769
2.41,773
2.47,774
2.53,774
2.59,773
2.66,767
2.72,771
2.78,775
2.84,777
2.91,773
2.97,776
3.03,771
3.09,769
3.16,767
3.22,771
3.28,770
3.34,769
3.41,765
3.47,769
3.53,765
3.59,765
3.66,764
3.72,762
3.78,763
3.84,759
3.91,773
3.97,760
4.03,764
4.09,759
4.16,761
4.22,760
4.28,762
4.34,765
4.41,760
4.47,766
4.53,760
4.59,759
4.66,761
4.72,763
4.78,759
4.84,761
4.91,760
4.97,765
5.03,762
5.09,759
5.16,759
5.22,756
5.28,760
5.34,760
5.41,762
5.47,767
5.53,759
5.59,761
5.66,759
5.72,762
5.78,764
5.84,761
5.91,760
5.97,759
6.03,759
6.09,760
6.16,760
6.22,757
6.28,756
6.34,755
6.41,759
6.47,755
6.53,758
6.59,757
6.66,753
6.72,760
6.78,757
6.84,758
6.91,754
6.97,755
7.03,758
7.09,754
7.16,753
7.22,753
7.28,753
7.34,755
7.41,756
7.47,753
7.53,754
7.59,753
7.66,757
7.72,757
7.78,756
7.84,752
7.91,751
7.97,757
8.03,755
8.09,754
8.16,750
8.22,752
8.28,753
8.34,754
8.41,754
8.47,752
8.53,755
8.59,753
8.66,753
8.72,751
8.78,753
8.84,760
8.91,752
8.97,752
9.03,754
9.09,751
9.16,755
9.22,752
9.28,751
9.34,753
9.41,752
9.47,754
9.53,752
9.59,750
9.66,754
9.72,752
9.78,750
9.84,754
9.91,746
9.97,756
10.03,753
10.09,751
10.16,752
10.22,751
10.28,756
10.34,753
10.41,754
10.47,751
10.53,752
10.59,754
10.66,755
10.72,752
10.78,750
10.84,751
10.91,747
10.97,751
11.03,750
11.09,751
11.16,754
11.22,753
11.28,746
11.34,750
11.41,748
11.47,752
11.53,749
11.59,749
11.66,753
11.72,751
11.78,750
11.84,751
11.91,755
11.97,750
12.03,749
12.09,749
12.16,750
12.22,750
12.28,746
12.34,748
12.41,753
12.47,750
12.53,746
12.59,751
12.66,752
12.72,750
12.78,751
12.84,748
12.91,753
12.97,749
13.03,744
13.09,748
13.16,752
13.22,744
13.28,747
13.34,750
13.41,748
13.47,748
13.53,747
13.59,750
13.66,747
13.72,746
13.78,748
13.84,749
13.91,744
13.97,748
14.03,750
14.09,744
14.16,742
14.22,746
14.28,747
14.34,742
14.41,765
14.47,747
14.53,746
14.59,748
14.66,746
14.72,746
14.78,746
14.84,749
14.91,748
14.97,748
15.03,745
15.09,752
15.16,744
15.22,749
15.28,747
15.34,745
15.41,749
15.47,748
15.53,745
15.59,745
15.66,749
15.72,749
15.78,744
15.84,749
15.91,744
15.97,746
16.03,749
16.09,746
16.16,747
16.22,751
16.28,748
16.34,745
16.41,747
16.47,746
16.53,744
16.59,748
16.66,745
16.72,745
16.78,746
16.84,744
16.91,745
16.97,744
17.03,746
17.09,748
17.16,747
17.22,748
17.28,743
17.34,745
17.41,745
17.47,744
17.53,743
17.59,748
17.66,747
17.72,742
17.78,748
17.84,743
17.91,745
17.97,743
18.03,748
18.09,743
18.16,742
18.22,745
18.28,742
18.34,747
18.41,748
18.47,743
18.53,746
18.59,745
18.66,745
18.72,747
18.78,746
18.84,744
18.91,743
18.97,748
19.03,744
19.09,745
19.16,749
19.22,745
19.28,744
19.34,745
19.41,742
19.47,747
19.53,744
19.59,746
19.66,747
19.72,742
19.78,748
19.84,745
19.91,742
19.97,744
20.03,747
20.09,744
20.16,746
20.22,746
20.28,743
20.34,741
20.41,745
20.47,744
20.53,748
20.59,746
20.66,744
20.72,746
20.78,744
20.84,743
20.91,745
20.97,743
21.03,744
21.09,745
21.16,740
21.22,743
21.28,743
21.34,743
21.41,746
21.47,740
21.53,743
21.59,744
21.66,745
21.72,744
21.78,744
21.84,744
21.91,746
21.97,743
22.03,747
22.09,744
22.16,746
22.22,746
22.28,743
22.34,749
22.41,744
22.47,747
22.53,747
22.59,746
22.66,747
22.72,743
22.78,746
22.84,744
22.91,749
22.97,749
23.03,742
23.09,746
23.16,742
23.22,746
23.28,744
23.34,745
23.41,745
23.47,740
23.53,745
23.59,742
23.66,744
23.72,743
23.78,744
23.84,743
23.91,742
23.97,744
24.03,742
24.09,743
24.16,746
24.22,742
24.28,743
24.34,741
24.41,743
24.47,743
24.53,743
24.59,743
24.66,742
24.72,744
24.78,743
24.84,744
24.91,743
24.97,744
25.03,745
25.09,746
25.16,744
25.22,745
25.28,745
25.34,742
25.41,746
25.47,743
25.53,745
25.59,742
25.66,742
25.72,743
25.78,774
25.84,747
25.91,744
25.97,743
26.03,743
26.09,743
26.16,742
26.22,739
26.28,747
26.34,739
26.41,744
26.47,742
26.53,744
26.59,743
26.66,744
26.72,744
26.78,743
26.84,744
26.91,741
26.97,746
27.03,741
27.09,745
27.16,742
27.22,745
27.28,744
27.34,742
27.41,747
27.47,744
27.53,744
27.59,740
27.66,744
27.72,743
27.78,742
27.84,738
27.91,742
27.97,742
28.03,743
28.09,736
28.16,742
28.22,742
28.28,744
28.34,738
28.41,738
28.47,741
28.53,738
28.59,743
28.66,743
28.72,744
28.78,743
28.84,743
28.91,745
28.97,739
29.03,742
29.09,741
29.16,742
29.22,742
29.28,749
29.34,738
29.41,743
29.47,739
29.53,743
29.59,740
29.66,743
29.72,743
29.78,742
29.84,744
29.91,740
29.97,746
30.03,739
30.09,743
30.16,741
30.22,742
30.28,745
30.34,742
30.41,745
30.47,746
30.53,742
30.59,741
30.66,743
30.72,738
30.78,743
30.84,734
30.91,742
30.97,740
31.03,743
31.09,742
31.16,738
31.22,742
31.28,740
31.34,745
31.41,741
31.47,743
31.53,740
31.59,743
31.66,741
31.72,743
31.78,745
31.84,740
31.91,739
31.97,740
32.03,742
32.09,743
32.16,739
32.22,743
32.28,738
32.34,744
32.41,741
32.47,742
32.53,742
32.59,738
32.66,744
32.72,737
32.78,741
32.84,739
32.91,740
32.97,740
33.03,740
33.09,740
33.16,742
33.22,740
33.28,741
33.34,740
33.41,738
33.47,740
33.53,743
33.59,744
33.66,745
33.72,740
33.78,742
33.84,740
33.91,740
33.97,742
34.03,741
34.09,741
34.16,743
34.22,741
34.28,744
34.34,738
34.41,745
34.47,742
34.53,742
34.59,748
34.66,744
34.72,740
34.78,746
34.84,743
34.91,741
34.97,743
35.03,742
35.09,742
35.16,743
35.22,742
35.28,740
35.34,746
35.41,742
35.47,741
35.53,744
35.59,742
35.66,742
35.72,743
35.78,743
35.84,740
35.91,742
35.97,742
36.03,743
36.09,741
36.16,739
36.22,742
36.28,747
36.34,738
36.41,743
36.47,742
36.53,740
36.59,741
36.66,742
36.72,741
36.78,740
36.84,741
36.91,742
36.97,739
37.03,743
37.09,736
37.16,739
37.22,735
37.28,740
37.34,738
37.41,742
37.47,740
37.53,739
37.59,740
37.66,740
37.72,741
37.78,746
37.84,739
37.91,741
37.97,743
38.03,741
38.09,740
38.16,741
38.22,743
38.28,741
38.34,745
38.41,741
38.47,741
38.53,741
38.59,741
38.66,738
38.72,743
38.78,743
38.84,739
38.91,740
38.97,741
39.03,741
39.09,739
39.16,743
39.22,737
39.28,740
39.34,742
39.41,738
39.47,741
39.53,741
39.59,740
39.66,741
39.72,740
39.78,742
39.84,740
39.91,739
39.97,737
40.03,745
40.31,744
40.59,739
40.88,737
41.16,742
41.44,741
41.72,739
42,741
42.28,735
42.56,740
42.84,742
43.13,737
43.41,738
43.69,737
43.97,744
44.25,741
44.53,735
44.81,744
45.09,737
45.38,738
45.66,738
45.94,736
46.22,741
46.5,737
46.78,737
47.06,738
47.34,737
47.63,737
47.91,738
48.19,743
48.47,739
48.75,740
49.03,738
49.31,737
49.59,740
49.88,738
50.16,740
50.44,735
50.72,735
51,736
51.28,737
51.56,737
51.84,734
52.13,743
52.41,741
52.69,740
52.97,739
53.25,733
53.53,741
53.81,735
54.09,739
54.38,737
54.66,740
54.94,740
55.22,735
55.5,737
55.78,736
56.06,740
56.34,740
56.63,737
56.91,741
57.19,737
57.47,735
57.75,736
58.03,736
58.31,737
58.59,737
58.88,734
59.16,736
59.44,736
59.72,735
60,734
60.28,736
60.56,733
60.84,737
61.13,741
61.41,736
61.69,736
61.97,738
62.25,737
62.53,735
62.81,738
63.09,736
63.38,738
63.66,737
63.94,732
64.22,733
64.5,738
64.78,737
65.06,734
65.34,736
65.63,733
65.91,734
66.19,733
66.47,737
66.75,735
67.03,737
67.31,740
67.59,734
67.88,735
68.16,735
68.44,736
68.72,736
69,737
69.28,733
69.56,733
69.84,733
70.13,732
70.41,732
70.69,738
70.97,736
71.25,732
71.53,734
71.81,739
72.09,736
72.38,735
72.66,736
72.94,736
73.22,732
73.5,735
73.78,738
74.06,733
74.34,734
74.63,735
74.91,734
75.19,736
75.47,739
75.75,737
76.03,733
76.31,736
76.59,733
76.88,734
77.16,735
77.44,736
77.72,733
78,732
78.28,736
78.56,734
78.84,734
79.13,736
79.41,735
79.69,733
79.97,732
80.25,733
80.53,733
80.81,729
81.09,733
81.38,732
81.66,735
81.94,735
82.22,734
82.5,735
82.78,737
83.06,734
83.34,733
83.63,736
83.91,732
84.19,731
84.47,736
84.75,734
85.03,734
85.31,732
85.59,732
85.88,735
86.16,734
86.44,730
86.72,737
87,733
87.28,737
87.56,736
87.84,733
88.13,732
88.41,735
88.69,730
88.97,735
89.25,735
89.53,735
89.81,735
90.09,735
90.38,732
90.66,733
90.94,736
91.22,733
91.5,735
91.78,732
92.06,731
92.34,733
92.63,736
92.91,738
93.19,730
93.47,734
93.75,736
94.03,734
94.31,736
94.59,734
94.88,737
95.16,733
95.44,735
95.72,735
96,733
96.28,734
96.56,730
96.84,733
97.13,733
97.41,731
97.69,731
97.97,734
98.25,738
98.53,735
98.81,736
99.09,737
99.38,731
99.66,735
99.94,738
100.22,735
100.5,732
100.78,736
101.06,730
101.34,736
101.63,730
101.91,732
102.19,733
102.47,733
102.75,733
103.03,735
103.31,735
103.59,734
103.88,733
104.16,733
104.44,735
104.72,734
105,734
105.28,732
105.56,734
105.84,735
106.13,735
106.41,732
106.69,735
106.97,733
107.25,734
107.53,732
107.81,734
108.09,734
108.38,736
108.66,733
108.94,736
109.22,737
109.5,736
109.78,736
110.06,735
110.34,735
110.63,733
110.91,736
111.19,735
111.47,734
111.75,734
112.03,727
112.31,733
112.59,733
112.88,733
113.16,734
113.44,734
113.72,733
114,734
114.28,735
114.56,735
114.84,732
115.13,736
115.41,737
115.69,733
115.97,734
116.25,732
116.53,734
116.81,737
117.09,735
117.38,735
117.66,736
117.94,734
118.22,735
118.5,736
118.78,735
119.06,733
119.34,734
119.63,738
119.91,733
120.19,734
120.47,735
120.75,736
121.03,734
121.31,735
121.59,735
121.88,736
122.16,734
122.44,736
122.72,733
123,735
123.28,738
123.56,734
123.84,737
124.13,734
124.41,736
124.69,735
124.97,733
125.25,736
125.53,737
125.81,735
126.09,735
126.38,733
126.66,733
126.94,732
127.22,736
127.5,738
127.78,736
128.06,736
128.34,735
128.63,735
128.91,733
129.19,735
129.47,736
129.75,737
130.03,736
130.31,735
130.59,737
130.88,738
131.16,736
131.44,732
131.72,735
132,736
132.28,735
132.56,735
132.84,738
133.13,733
133.41,735
133.69,735
133.97,738
134.25,736
134.53,736
134.81,735
135.09,737
135.38,734
135.66,736
135.94,735
136.22,738
136.5,735
136.78,734
137.06,736
137.34,734
137.63,738
137.91,739
138.19,739
138.47,738
138.75,738
139.03,736
139.31,738
139.59,737
139.88,738
140.16,738
140.44,738
140.72,736
141,737
141.28,735
141.56,735
141.84,739
142.13,735
142.41,734
142.69,738
142.97,740
143.25,736
143.53,733
143.81,734
144.09,737
144.38,737
144.66,736
144.94,737
145.22,738
145.5,736
145.78,739
146.06,738
146.34,735
146.63,737
146.91,738
147.19,736
147.47,737
147.75,736
148.03,738
148.31,734
148.59,736
148.88,736
149.16,736
149.44,737
149.72,736
150,735
150.28,737
150.56,736
150.84,737
151.13,738
151.41,738
151.69,740
151.97,737
152.25,735
152.53,736
152.81,740
153.09,741
153.38,738
153.66,738
153.94,738
154.22,739
154.5,738
154.78,741
155.06,736
155.34,740
155.63,738
155.91,738
156.19,737
156.47,736
156.75,740
157.03,741
157.31,738
157.59,736
157.88,738
158.16,736
158.44,737
158.72,739
159,736
159.28,740
159.56,739
159.84,740
160.13,737
160.41,737
160.69,741
160.97,737
161.25,741
161.53,736
161.81,737
162.09,738
162.38,741
162.66,738
162.94,739
163.22,742
163.5,737
163.78,740
164.06,740
164.34,738
164.63,740
164.91,740
165.19,738
165.47,740
165.75,739
166.03,735
166.31,734
166.59,738
166.88,742
167.16,740
167.44,739
167.72,737
168,741
168.28,740
168.56,739
168.84,739
169.13,739
169.41,739
169.69,738
169.97,743
170.25,739
170.53,737
170.81,739
171.09,739
171.38,740
171.66,740
171.94,739
172.22,737
172.5,735
172.78,736
173.06,739
173.34,738
173.63,739
173.91,739
174.19,737
174.47,738
174.75,738
175.03,740
175.31,737
175.59,738
175.88,739
176.16,737
176.44,740
176.72,740
177,739
177.28,740
177.56,741
177.84,740
178.13,738
178.41,740
178.69,740
178.97,741
179.25,742
179.53,737
179.81,741
180.09,743
180.38,744
180.66,738
180.94,739
181.22,741
181.5,743
181.78,738
182.06,745
182.34,741
182.63,741
182.91,739
183.19,741
183.47,737
183.75,742
184.03,744
184.31,740
184.59,740
184.88,739
185.16,742
185.44,742
185.72,741
186,742
186.28,738
186.56,740
186.84,739
187.13,739
187.41,743
187.69,741
187.97,742
188.25,739
188.53,740
188.81,739
189.09,739
189.38,743
189.66,741
189.94,739
190.22,741
190.5,742
190.78,737
191.06,739
191.34,741
191.63,743
191.91,740
192.19,738
192.47,738
192.75,743
193.03,744
193.31,742
193.59,741
193.88,743
194.16,743
194.44,742
194.72,743
195,744
195.28,737
195.56,742
195.84,740
196.13,741
196.41,742
196.69,745
196.97,743
197.25,740
197.53,744
197.81,740
198.09,741
198.38,743
198.66,743
198.94,742
199.22,738
199.5,741
199.78,744
200.06,742
200.34,743
200.63,747
200.91,739
201.19,742
201.47,741
201.75,742
202.03,746
202.31,740
202.59,744
202.88,741
203.16,748
203.44,743
203.72,739
204,743
204.28,743
204.56,743
204.84,745
205.13,743
205.41,740
205.69,742
205.97,742
206.25,743
206.53,742
206.81,743
207.09,741
207.38,741
207.66,742
207.94,742
208.22,746
208.5,743
208.78,744
209.06,744
209.34,742
209.63,743
209.91,742
210.19,745
210.47,741
210.75,741
211.03,741
211.31,741
211.59,741
211.88,743
212.16,746
212.44,741
212.72,741
213,741
213.28,742
213.56,742
213.84,743
214.13,743
214.41,743
214.69,743
214.97,746
215.25,745
215.53,742
215.81,743
216.09,745
216.38,747
216.66,744
216.94,743
217.22,743
217.5,744
217.78,743
218.06,746
218.34,744
218.63,745
218.91,744
219.19,740
219.47,744
219.75,749
220.03,747
220.31,742
220.59,744
220.88,745
221.16,744
221.44,740
221.72,743
222,745
222.28,747
222.56,747
222.84,745
223.13,741
223.41,742
223.69,744
223.97,745
224.25,747
224.53,746
224.81,746
225.09,746
225.38,745
225.66,745
225.94,745
226.22,745
226.5,747
226.78,747
227.06,745
227.34,745
227.63,746
227.91,747
228.19,749
228.47,745
228.75,744
229.03,748
229.31,745
229.59,746
229.88,746
230.16,745
230.44,745
230.72,746
231,744
231.28,741
231.56,747
231.84,749
232.13,748
232.41,749
232.69,744
232.97,745
233.25,745
233.53,746
233.81,747
234.09,747
234.38,751
234.66,744
234.94,746
235.22,744
235.5,746
235.78,749
236.06,748
236.34,751
236.63,750
236.91,745
237.19,746
237.47,746
237.75,747
238.03,749
238.31,750
238.59,749
238.88,744
239.16,744
239.44,746
239.72,750
240,750
240.28,749
240.56,746
240.84,744
241.13,746
241.41,749
241.69,751
241.97,750
242.25,745
242.53,746
242.81,748
243.09,751
243.38,748
243.66,746
243.94,749
244.22,749
244.5,749
244.78,749
245.06,751
245.34,750
245.63,748
245.91,747
246.19,748
246.47,750
246.75,751
247.03,749
247.31,749
247.59,750
247.88,748
248.16,747
248.44,751
248.72,746
249,750
249.28,749
249.56,749
249.84,748
250.13,747
250.41,750
250.69,748
250.97,751
251.25,748
251.53,753
251.81,752
252.09,751
252.38,747
252.66,748
252.94,748
253.22,748
253.5,750
253.78,748
254.06,751
254.34,747
254.63,748
254.91,752
255.19,752
255.47,750
255.75,752
256.03,752
256.31,751
256.59,750
256.88,752
257.16,753
257.44,753
257.72,751
258,750
258.28,746
258.56,749
258.84,752
259.13,752
259.41,752
259.69,753
259.97,750
260.25,748
260.53,748
260.81,749
261.09,754
261.38,754
261.66,753
261.94,753
262.22,750
262.5,747
262.78,748
263.06,751
263.34,753
263.63,753
263.91,752
264.19,754
264.47,751
264.75,752
265.03,753
265.31,747
265.59,749
265.88,755
266.16,755
266.44,752
266.72,748
267,751
267.28,753
267.56,751
267.84,755
268.13,754
268.41,752
268.69,752
268.97,754
269.25,754
269.53,752
269.81,749
270.09,753
270.38,751
270.66,754
270.94,753
271.22,753
271.5,754
271.78,753
272.06,750
272.34,752
272.63,752
272.91,752
273.19,755
273.47,752
273.75,754
274.03,753
274.31,747
274.59,757
274.88,753
275.16,756
275.44,754
275.72,757
276,755
276.28,756
276.56,748
276.84,751
277.13,754
277.41,756
277.69,750
277.97,756
278.25,756
278.53,751
278.81,750
279.09,755
279.38,756
279.66,754
279.94,756
280.22,757
280.5,752
280.78,753
281.06,753
281.34,754
281.63,755
281.91,756
282.19,757
282.47,756
282.75,753
283.03,754
283.31,755
283.59,755
283.88,755
284.16,754
284.44,755
284.72,753
285,750
285.28,758
285.56,756
285.84,757
286.13,756
286.41,755
286.69,756
286.97,749
287.25,753
287.53,754
287.81,755
288.09,754
288.38,757
288.66,754
288.94,749
289.22,754
289.5,754
289.78,756
290.06,755
290.34,757
290.63,754
290.91,750
291.19,757
291.47,755
291.75,756
292.03,760
292.31,756
292.59,754
292.88,754
293.16,753
293.44,755
293.72,760
294,758
294.28,758
294.56,758
294.84,752
295.13,756
295.41,759
295.69,759
295.97,758
296.25,760
296.53,757
296.81,756
297.09,755
297.38,756
297.66,756
297.94,755
298.22,759
298.5,753
298.78,756
299.06,759
299.34,758
299.63,760
299.91,755
300.19,755
300.47,757
300.75,756
301.03,760
301.31,756
301.59,761
301.88,757
302.16,754
302.44,760
302.72,759
303,760
303.28,759
303.56,757
303.84,756
304.13,758
304.41,759
304.69,755
304.97,760
305.25,758
305.53,755
305.81,760
306.09,756
306.38,759
306.66,754
306.94,753
307.22,761
307.5,760
307.78,760
308.06,756
308.34,758
308.63,759
308.91,757
309.19,760
309.47,760
309.75,759
310.03,757
310.31,759
310.59,759
310.88,761
311.16,759
311.44,755
311.72,757
312,761
312.28,756
312.56,760
312.84,758
313.13,758
313.41,757
313.69,760
313.97,756
314.25,760
314.53,764
314.81,760
315.09,759
315.38,760
315.66,759
315.94,759
316.22,758
316.5,752
316.78,757
317.06,763
317.34,762
317.63,765
317.91,758
318.19,759
318.47,757
318.75,759
319.03,761
319.31,760
319.59,765
319.88,758
320.16,759
320.44,759
320.72,762
321,762
321.28,758
321.56,763
321.84,759
322.13,756
322.41,759
322.69,763
322.97,762
323.25,764
323.53,763
323.81,763
324.09,760
324.38,762
324.66,761
324.94,760
325.22,765
325.5,763
325.78,762
326.06,761
326.34,761
326.63,758
326.91,759
327.19,764
327.47,763
327.75,764
328.03,761
328.31,762
328.59,763
328.88,759
329.16,758
329.44,762
329.72,761
330,764
330.28,761
330.56,762
330.84,762
331.13,763
331.41,761
331.69,760
331.97,759
332.25,762
332.53,764
332.81,759
333.09,762
333.38,764
333.66,766
333.94,762
334.22,761
334.5,759
334.78,762
335.06,763
335.34,761
335.63,764
335.91,763
336.19,758
336.47,763
336.75,763
337.03,762
337.31,759
337.59,765
337.88,764
338.16,762
338.44,765
338.72,761
339,761
339.28,758
339.56,762
339.84,763
340.13,766
340.41,761
340.69,762
340.97,766
341.25,763
341.53,766
341.81,765
342.09,764
342.38,763
342.66,763
342.94,761
343.22,764
343.5,765
343.78,766
344.06,762
344.34,765
344.63,762
344.91,762
345.19,763
345.47,763
345.75,761
346.03,764
346.31,763
346.59,763
346.88,764
347.16,760
347.44,763
347.72,766
348,767
348.28,766
348.56,766
348.84,765
349.13,764
349.41,762
349.69,763
349.97,764
350.25,763
350.53,762
350.81,765
351.09,763
351.38,762
351.66,767
351.94,764
352.22,763
352.5,766
352.78,765
353.06,758
353.34,767
353.63,767
353.91,768
354.19,764
354.47,766
354.75,766
355.03,766
355.31,764
355.59,766
355.88,766
356.16,764
356.44,765
356.72,768
357,769
357.28,768
357.56,766
357.84,767
358.13,760
358.41,766
358.69,764
358.97,767
359.25,766
359.53,764
359.81,760
360.09,760
360.38,771
360.66,767
360.94,767
361.22,766
361.5,768
361.78,764
362.06,766
362.34,765
362.63,766
362.91,767
363.19,768
363.47,762
363.75,767
364.03,768
364.31,767
364.59,765
364.88,768
365.16,768
365.44,766
365.72,765
366,767
366.28,767
366.56,766
366.84,765
367.13,765
367.41,768
367.69,766
367.97,767
368.25,767
368.53,766
368.81,764
369.09,769
369.38,767
369.66,767
369.94,767
370.22,764
370.5,767
370.78,771
371.06,767
371.34,769
371.63,770
371.91,768
372.19,767
372.47,764
372.75,772
373.03,768
373.31,771
373.59,768
373.88,763
374.16,769
374.44,771
374.72,770
375,768
375.28,768
375.56,771
375.84,770
376.13,768
376.41,767
376.69,767
376.97,769
377.25,771
377.53,767
377.81,769
378.09,766
378.38,769
378.66,769
378.94,767
379.22,768
379.5,768
379.78,772
380.06,770
380.34,770
380.63,767
380.91,772
381.19,769
381.47,768
381.75,771
382.03,769
382.31,771
382.59,768
382.88,767
383.16,771
383.44,771
383.72,768
384,769
384.28,772
384.56,770
384.84,770
385.13,770
385.41,768
385.69,769
385.97,774
386.25,772
386.53,774
386.81,770
387.09,770
387.38,770
387.66,772
387.94,773
388.22,771
388.5,768
388.78,767
389.06,769
389.34,769
389.63,770
389.91,774
390.19,771
390.47,774
390.75,773
391.03,768
391.31,769
391.59,769
391.88,773
392.16,770
392.44,770
392.72,772
393,773
393.28,772
393.56,771
393.84,772
394.13,775
394.41,776
394.69,773
394.97,770
395.25,769
395.53,770
395.81,773
396.09,772
396.38,770
396.66,773
396.94,771
397.22,771
397.5,773
397.78,772
398.06,773
398.34,772
398.63,773
398.91,774
399.19,773
399.47,775
399.75,774
400.03,770
400.31,771
400.59,769
400.88,773
401.16,774
401.44,774
401.72,776
402,774
402.28,773
402.56,776
402.84,773
403.13,776
403.41,774
403.69,774
403.97,774
404.25,773
404.53,775
404.81,775
405.09,777
405.38,771
405.66,773
405.94,772
406.22,777
406.5,773
406.78,774
407.06,775
407.34,776
407.63,775
407.91,774
408.19,776
408.47,773
408.75,776
409.03,775
409.31,778
409.59,773
409.88,775
410.16,773
410.44,772
410.72,777
411,778
411.28,779
411.56,772
411.84,770
412.13,775
412.41,774
412.69,773
412.97,780
413.25,776
413.53,780
413.81,774
414.09,774
414.38,773
414.66,780
414.94,778
415.22,776
415.5,772
415.78,778
416.06,775
416.34,775
416.63,777
416.91,779
417.19,779
417.47,777
417.75,778
418.03,776
418.31,778
418.59,777
418.88,776
419.16,779
419.44,772
419.72,776
420,778
420.28,780
420.56,782
420.84,777
421.13,780
421.41,780
421.69,779
421.97,778
422.25,777
422.53,775
422.81,775
423.09,778
423.38,779
423.66,777
423.94,781
424.22,779
424.5,776
424.78,776
425.06,778
425.34,781
425.63,779
425.91,779
426.19,778
426.47,780
426.75,781
427.03,782
427.31,774
427.59,780
427.88,776
428.16,780
428.44,780
428.72,776
429,776
429.28,772
429.56,780
429.84,780
430.13,780
430.41,781
430.69,780
430.97,778
431.25,780
431.53,780
431.81,778
432.09,780
432.38,783
432.66,781
432.94,780
433.22,780
433.5,781
433.78,779
434.06,768
434.34,782
434.63,779
434.91,781
435.19,784
435.47,791
435.75,773
436.03,781
436.31,782
436.59,785
436.88,781
437.16,781
437.44,780
437.72,779
438,783
438.28,784
438.56,782
438.84,782
439.13,782
439.41,777
439.69,783
439.97,781
440.25,778
440.53,780
440.81,781
441.09,781
441.38,778
441.66,781
441.94,783
442.22,784
442.5,778
442.78,784
443.06,783
443.34,785
443.63,788
443.91,780
444.19,785
444.47,783
444.75,782
445.03,781
445.31,784
445.59,784
445.88,784
446.16,783
446.44,783
446.72,783
447,782
447.28,788
447.56,783
447.84,786
448.13,781
448.41,785
448.69,783
448.97,786
449.25,783
449.53,785
449.81,783
450.09,781
450.38,785
450.66,783
450.94,786
451.22,784
451.5,785
451.78,783
452.06,786
452.34,784
452.63,784
452.91,787
453.19,786
453.47,782
453.75,787
454.03,785
454.31,784
454.59,790
454.88,788
455.16,786
455.44,787
455.72,785
456,784
456.28,784
456.56,786
456.84,788
457.13,785
457.41,786
457.69,782
457.97,786
458.25,786
458.53,788
458.81,786
459.09,786
459.38,785
459.66,784
459.94,789
460.22,788
460.5,786
460.78,781
461.06,785
461.34,788
461.63,786
461.91,790
462.19,786
462.47,785
462.75,784
463.03,789
463.31,789
463.59,789
463.88,788
464.16,787
464.44,789
464.72,788
465,789
465.28,787
465.56,787
465.84,789
466.13,789
466.41,787
466.69,786
466.97,789
467.25,790
467.53,789
467.81,791
468.09,787
468.38,787
468.66,789
468.94,789
469.22,791
469.5,790
469.78,789
470.06,789
470.34,791
470.63,788
470.91,790
471.19,787
471.47,790
471.75,790
472.03,790
472.31,790
472.59,790
472.88,789
473.16,790
473.44,789
473.72,787
474,792
474.28,789
474.56,791
474.84,788
475.13,791
475.41,790
475.69,786
475.97,790
476.25,794
476.53,792
476.81,790
477.09,792
477.38,789
477.66,792
477.94,793
478.22,789
478.5,790
478.78,794
479.06,791
479.34,791
479.63,790
479.91,792
480.19,792
480.47,788
480.75,792
481.03,794
481.31,789
481.59,794
481.88,795
482.16,791
482.44,792
482.72,792
483,791
483.28,794
483.56,794
483.84,792
484.13,795
484.41,791
484.69,795
484.97,791
485.25,792
485.53,790
485.81,792
486.09,792
486.38,791
486.66,796
486.94,793
487.22,794
487.5,793
487.78,794
488.06,792
488.34,795
488.63,795
488.91,795
489.19,794
489.47,792
489.75,795
490.03,793
490.31,793
490.59,796
490.88,792
491.16,794
491.44,793
491.72,797
492,794
492.28,791
492.56,794
492.84,796
493.13,796
493.41,796
493.69,796
493.97,795
494.25,794
494.53,796
494.81,792
495.09,798
495.38,796
495.66,793
495.94,796
496.22,796
496.5,792
496.78,795
497.06,793
497.34,797
497.63,797
497.91,797
498.19,795
498.47,791
498.75,794
499.03,797
499.31,793
499.59,798
499.88,796
500.16,796
500.44,793
500.72,797
501,799
501.28,797
501.56,795
501.84,797
502.13,794
502.41,795
502.69,794
502.97,794
503.25,795
503.53,797
503.81,797
504.09,793
504.38,795
504.66,797
504.94,796
505.22,792
505.5,797
505.78,797
506.06,797
506.34,797
506.63,798
506.91,794
507.19,799
507.47,799
507.75,797
508.03,797
508.31,798
508.59,798
508.88,798
509.16,801
509.44,799
509.72,799
510,796
510.28,799
510.56,797
510.84,798
511.13,800
511.41,799
511.69,796
511.97,794
512.25,803
512.53,796
512.81,802
513.09,798
513.38,801
513.66,800
513.94,797
514.22,798
514.5,797
514.78,803
515.06,800
515.34,799
515.63,801
515.91,800
516.19,798
516.47,798
516.75,801
517.03,802
517.31,798
517.59,801
517.88,799
518.16,803
518.44,800
518.72,801
519,800
519.28,799
519.56,800
519.84,800
520.13,799
520.41,800
520.69,802
520.97,799
521.25,798
521.53,799
521.81,799
522.09,804
522.38,802
522.66,803
522.94,800
523.22,800
523.5,799
523.78,802
524.06,802
524.34,800
524.63,801
524.91,802
525.19,804
525.47,800
525.75,799
526.03,800
526.31,801
526.59,802
526.88,802
527.16,803
527.44,801
527.72,801
528,801
528.28,799
528.56,802
528.84,806
529.13,805
529.41,805
529.69,803
529.97,800
530.25,803
530.53,803
530.81,805
531.09,801
531.38,803
531.66,804
531.94,802
532.22,803
532.5,802
532.78,805
533.06,806
533.34,805
533.63,802
533.91,803
534.19,805
534.47,801
534.75,802
535.03,805
535.31,805
535.59,804
535.88,805
536.16,802
536.44,805
536.72,804
537,807
537.28,808
537.56,809
537.84,806
538.13,807
538.41,804
538.69,805
538.97,809
539.25,806
539.53,804
539.81,806
540.09,807
540.38,804
540.66,806
540.94,801
541.22,804
541.5,805
541.78,804
542.06,808
542.34,806
542.63,805
542.91,803
543.19,805
543.47,805
543.75,805
544.03,808
544.31,810
544.59,809
544.88,806
545.16,807
545.44,806
545.72,804
546,806
546.28,806
546.56,809
546.84,808
547.13,809
547.41,810
547.69,810
547.97,807
548.25,806
548.53,806
548.81,811
549.09,809
549.38,808
549.66,808
549.94,806
550.22,807
550.5,808
550.78,808
551.06,808
551.34,808
551.63,806
551.91,810
552.19,813
552.47,807
552.75,809
553.03,809
553.31,808
553.59,810
553.88,809
554.16,810
554.44,810
554.72,811
555,806
555.28,808
555.56,806
555.84,808
556.13,809
556.41,812
556.69,810
556.97,812
557.25,811
557.53,809
557.81,806
558.09,811
558.38,811
558.66,812
558.94,813
559.22,813
559.5,811
559.78,808
560.06,813
560.34,810
560.63,810
560.91,815
561.19,812
561.47,811
561.75,812
562.03,809
562.31,812
562.59,815
562.88,811
563.16,807
563.44,812
563.72,811
564,813
564.28,808
564.56,807
564.84,813
565.13,811
565.41,811
565.69,813
565.97,809
566.25,814
566.53,813
566.81,813
567.09,808
567.38,813
567.66,811
567.94,812
568.22,808
568.5,814
568.78,814
569.06,815
569.34,813
569.63,815
569.91,814
570.19,812
570.47,814
570.75,812
571.03,812
571.31,815
571.59,811
571.88,811
572.16,814
572.44,813
572.72,812
573,813
573.28,813
573.56,814
573.84,813
574.13,813
574.41,814
574.69,816
574.97,811
575.25,811
575.53,814
575.81,815
576.09,817
576.38,814
576.66,817
576.94,811
577.22,813
577.5,813
577.78,814
578.06,814
578.34,814
578.63,813
578.91,815
579.19,814
579.47,814
579.75,817
580.03,815
580.31,818
580.59,816
580.88,815
581.16,816
581.44,819
581.72,814
582,819
582.28,814
582.56,817
582.84,818
583.13,814
583.41,819
583.69,816
583.97,814
584.25,817
584.53,817
584.81,817
585.09,813
585.38,813
585.66,818
585.94,815
586.22,819
586.5,818
586.78,818
587.06,814
587.34,816
587.63,816
587.91,815
588.19,819
588.47,817
588.75,818
589.03,813
589.31,815
589.59,818
589.88,819
590.16,815
590.44,820
590.72,816
591,815
591.28,817
591.56,813
591.84,820
592.13,819
592.41,819
592.69,817
592.97,817
593.25,817
593.53,816
593.81,821
594.09,821
594.38,820
594.66,817
594.94,823
595.22,816
595.5,817
595.78,818
596.06,823
596.34,820
596.63,822
596.91,819
597.19,819
597.47,818
597.75,818
598.03,821
598.31,820
598.59,821
598.88,820
599.16,821
599.44,817
599.72,823
600,825
600.28,819
600.56,821
600.84,819
601.13,816
601.41,820
601.69,821
601.97,823
602.25,824
602.53,817
602.81,821
603.09,823
603.38,819
603.66,822
603.94,822
604.22,819
604.5,822
604.78,821
605.06,823
605.34,819
605.63,819
605.91,823
606.19,820
606.47,819
606.75,820
607.03,817
607.31,821
607.59,816
607.88,825
608.16,816
608.44,821
608.72,823
609,825
609.28,817
609.56,824
609.84,823
610.13,824
610.41,827
610.69,824
610.97,823
611.25,819
611.53,821
611.81,824
612.09,820
612.38,823
612.66,821
612.94,823
613.22,822
613.5,822
613.78,822
614.06,822
614.34,825
614.63,824
614.91,822
615.19,823
615.47,820
615.75,826
616.03,822
616.31,819
616.59,825
616.88,825
617.16,822
617.44,824
617.72,824
618,822
618.28,826
618.56,824
618.84,826
619.13,823
619.41,826
619.69,824
619.97,823
620.25,826
620.53,826
620.81,824
621.09,826
621.38,823
621.66,821
621.94,826
622.22,826
622.5,822
622.78,826
623.06,826
623.34,824
623.63,823
623.91,822
624.19,825
624.47,823
624.75,824
625.03,827
625.31,824
625.59,824
625.88,828
626.16,829
626.44,826
626.72,826
627,830
627.28,825
627.56,826
627.84,827
628.13,824
628.41,825
628.69,823
628.97,828
629.25,827
629.53,828
629.81,824
630.09,827
630.38,825
630.66,826
630.94,825
631.22,828
631.5,826
631.78,826
632.06,823
632.34,826
632.63,826
632.91,827
633.19,829
633.47,828
633.75,828
634.03,824
634.31,825
634.59,825
634.88,825
635.16,829
635.44,829
635.72,825
636,829
636.28,827
636.56,827
636.84,824
637.13,826
637.41,828
637.69,827
637.97,830
638.25,826
638.53,827
638.81,829
639.09,826
639.38,828
639.66,827
639.94,826
640.22,829
640.5,829
640.78,829
641.06,831
641.34,827
641.63,831
641.91,833
642.19,829
642.47,830
642.75,827
643.03,832
643.31,832
643.59,828
643.88,833
644.16,831
644.44,829
644.72,831
645,830
645.28,830
645.56,831
645.84,832
646.13,832
646.41,828
646.69,834
646.97,829
647.25,831
647.53,831
647.81,834
648.09,832
648.38,830
648.66,833
648.94,835
649.22,832
649.5,833
649.78,831
650.06,833
650.34,829
650.63,837
650.91,831
651.19,830
651.47,833
651.75,834
652.03,834
652.31,833
652.59,833
652.88,832
653.16,836
653.44,832
653.72,832
654,833
654.28,835
654.56,831
654.84,835
655.13,833
655.41,834
655.69,831
655.97,832
656.25,834
656.53,833
656.81,830
657.09,832
657.38,833
657.66,836
657.94,835
658.22,836
658.5,830
658.78,833
659.06,834
659.34,834
659.63,836
659.91,836
660.19,837
660.47,836
660.75,835
661.03,832
661.31,833
661.59,834
661.88,836
662.16,834
662.44,832
662.72,835
663,833
663.28,835
663.56,835
663.84,837
664.13,835
664.41,837
664.69,833
664.97,834
665.25,837
665.53,837
665.81,835
666.09,837
666.38,835
666.66,834
666.94,833
667.22,833
667.5,835
667.78,836
668.06,837
668.34,837
668.63,835
668.91,837
669.19,836
669.47,837
669.75,836
670.03,839
670.31,839
670.59,835
670.88,835
671.16,838
671.44,836
671.72,837
672,838
672.28,834
672.56,837
672.84,837
673.13,836
673.41,839
673.69,838
673.97,836
674.25,836
674.53,838
674.81,837
675.09,838
675.38,838
675.66,839
675.94,837
676.22,836
676.5,836
676.78,838
677.06,837
677.34,838
677.63,839
677.91,839
678.19,837
678.47,837
678.75,836
679.03,837
679.31,840
679.59,840
679.88,840
680.16,836
680.44,840
680.72,837
681,839
681.28,838
681.56,838
681.84,838
682.13,839
682.41,838
682.69,836
682.97,839
683.25,840
683.53,842
683.81,838
684.09,837
684.38,840
684.66,841
684.94,840
685.22,838
685.5,839
685.78,839
686.06,841
686.34,841
686.63,842
686.91,839
687.19,841
687.47,841
687.75,839
688.03,840
688.31,840
688.59,842
688.88,841
689.16,841
689.44,841
689.72,841
690,841
690.28,841
690.56,839
690.84,841
691.13,840
691.41,841
691.69,840
691.97,843
692.25,839
692.53,839
692.81,841
693.09,839
693.38,841
693.66,842
693.94,846
694.22,842
694.5,843
694.78,840
695.06,842
695.34,841
695.63,842
695.91,840
696.19,842
696.47,842
696.75,845
697.03,840
697.31,844
697.59,843
697.88,842
698.16,844
698.44,842
698.72,842
699,843
699.28,840
699.56,843
699.84,841
700.13,842
700.41,846
700.69,846
700.97,841
701.25,842
701.53,843
701.81,841
702.09,842
702.38,843
702.66,844
702.94,844
703.22,841
703.5,843
703.78,845
704.06,844
704.34,844
704.63,843
704.91,842
705.19,844
705.47,843
705.75,844
706.03,844
706.31,846
706.59,847
706.88,844
707.16,843
707.44,844
707.72,844
708,843
708.28,844
708.56,846
708.84,847
709.13,845
709.41,842
709.69,844
709.97,844
710.25,845
710.53,846
710.81,847
711.09,845
711.38,845
711.66,843
711.94,846
712.22,844
712.5,844
712.78,848
713.06,846
713.34,843
713.63,845
713.91,846
714.19,846
714.47,846
714.75,845
715.03,847
715.31,848
715.59,845
715.88,845
716.16,846
716.44,846
716.72,849
717,851
717.28,845
717.56,843
717.84,842
718.13,846
718.41,846
718.69,847
718.97,848
719.25,847
719.53,847
719.81,848
720.09,846
720.38,845
720.66,844
720.94,847
721.22,847
721.5,846
721.78,846
722.06,845
722.34,847
722.63,847
722.91,848
723.19,850
723.47,848
723.75,846
724.03,845
724.31,846
724.59,844
724.88,849
725.16,846
725.44,850
725.72,850
726,851
726.28,849
726.56,846
726.84,847
727.13,845
727.41,851
727.69,848
727.97,847
728.25,850
728.53,850
728.81,850
729.09,850
729.38,844
729.66,851
729.94,849
730.22,847
730.5,848
730.78,848
731.06,847
731.34,845
731.63,848
731.91,849
732.19,851
732.47,849
732.75,850
733.03,850
733.31,852
733.59,852
733.88,848
734.16,854
734.44,849
734.72,852
735,846
735.28,849
735.56,849
735.84,852
736.13,849
736.41,850
736.69,851
736.97,848
737.25,851
737.53,852
737.81,851
738.09,851
738.38,851
738.66,852
738.94,851
739.22,851
739.5,852
739.78,849
740.06,850
740.34,855
740.63,849
740.91,849
741.19,853
741.47,850
741.75,854
742.03,851
742.31,851
742.59,849
742.88,851
743.16,850
743.44,851
743.72,852
744,853
744.28,851
744.56,850
744.84,852
745.13,851
745.41,854
745.69,851
745.97,850
746.25,849
746.53,852
746.81,854
747.09,851
747.38,856
747.66,852
747.94,851
748.22,852
748.5,853
748.78,852
749.06,853
749.34,854
749.63,852
749.91,851
750.19,853
750.47,852
750.75,851
751.03,854
751.31,855
751.59,854
751.88,851
752.16,854
752.44,854
752.72,853
753,854
753.28,854
753.56,853
753.84,856
754.13,854
754.41,851
754.69,853
754.97,853
755.25,853
755.53,853
755.81,855
756.09,856
756.38,857
756.66,851
756.94,849
757.22,856
757.5,854
757.78,854
758.06,855
758.34,854
758.63,855
758.91,855
759.19,855
759.47,854
759.75,854
760.03,854
760.31,856
760.59,854
760.88,853
761.16,857
761.44,857
761.72,853
762,853
762.28,855
762.56,857
762.84,858
763.13,857
763.41,856
763.69,856
763.97,856
764.25,856
764.53,858
764.81,855
765.09,856
765.38,855
765.66,856
765.94,857
766.22,855
766.5,856
766.78,856
767.06,858
767.34,856
767.63,857
767.91,857
768.19,859
768.47,858
768.75,855
769.03,858
769.31,856
769.59,856
769.88,859
770.16,857
770.44,860
770.72,858
771,857
771.28,858
771.56,856
771.84,858
772.13,860
772.41,862
772.69,859
772.97,856
773.25,855
773.53,857
773.81,857
774.09,858
774.38,860
774.66,859
774.94,858
775.22,859
775.5,857
775.78,859
776.06,858
776.34,860
776.63,857
776.91,860
777.19,859
777.47,855
777.75,857
778.03,860
778.31,859
778.59,857
778.88,859
779.16,857
779.44,856
779.72,861
780,857
780.28,859
780.56,859
780.84,859
781.13,861
781.41,861
781.69,861
781.97,857
782.25,861
782.53,859
782.81,861
783.09,860
783.38,858
783.66,857
783.94,858
784.22,857
784.5,860
784.78,862
785.06,861
785.34,861
785.63,858
785.91,861
786.19,861
786.47,858
786.75,860
787.03,860
787.31,864
787.59,862
787.88,860
788.16,859
788.44,863
788.72,860
789,861
789.28,862
789.56,860
789.84,860
790.13,863
790.41,861
790.69,863
790.97,859
791.25,861
791.53,865
791.81,863
792.09,866
792.38,861
792.66,861
792.94,861
793.22,863
793.5,861
793.78,859
794.06,861
794.34,862
794.63,862
794.91,864
795.19,862
795.47,862
795.75,862
796.03,862
796.31,860
796.59,861
796.88,862
797.16,864
797.44,864
797.72,866
798,861
798.28,862
798.56,864
798.84,863
799.13,864
799.41,863
799.69,862
799.97,864
800.25,862
800.53,861
800.81,864
801.09,864
801.38,863
801.66,862
801.94,862
802.22,862
802.5,865
802.78,867
803.06,865
803.34,860
803.63,862
803.91,861
804.19,862
804.47,865
804.75,864
805.03,864
805.31,862
805.59,864
805.88,864
806.16,865
806.44,864
806.72,864
807,865
807.28,863
807.56,864
807.84,866
808.13,867
808.41,865
808.69,865
808.97,865
809.25,866
809.53,862
809.81,864
810.09,866
810.38,864
810.66,865
810.94,864
811.22,868
811.5,866
811.78,865
812.06,861
812.34,862
812.63,862
812.91,868
813.19,862
813.47,866
813.75,865
814.03,865
814.31,869
814.59,868
814.88,865
815.16,863
815.44,864
815.72,869
816,866
816.28,866
816.56,862
816.84,866
817.13,868
817.41,863
817.69,870
817.97,863
818.25,870
818.53,863
818.81,865
819.09,863
819.38,866
819.66,868
819.94,873
820.22,868
820.5,868
820.78,864
821.06,866
821.34,867
821.63,871
821.91,865
822.19,866
822.47,867
822.75,872
823.03,863
823.31,864
823.59,867
823.88,863
824.16,871
824.44,867
824.72,871
825,876
825.28,873
825.56,863
825.84,867
826.13,866
826.41,872
826.69,868
826.97,871
827.25,867
827.53,867
827.81,868
828.09,868
828.38,867
828.66,864
828.94,869
829.22,868
829.5,866
829.78,871
830.06,869
830.34,866
830.63,869
830.91,870
831.19,869
831.47,870
831.75,869
832.03,868
832.31,870
832.59,871
832.88,868
833.16,870
833.44,870
833.72,870
834,871
834.28,871
834.56,868
834.84,871
835.13,870
835.41,868
835.69,871
835.97,868
836.25,868
836.53,871
836.81,870
837.09,873
837.38,871
837.66,869
837.94,871
838.22,874
838.5,868
838.78,868
839.06,872
839.34,871
839.63,873
839.91,872
840.19,870
840.47,870
840.75,870
841.03,869
841.31,870
841.59,868
841.88,873
842.16,870
842.44,874
842.72,869
843,872
843.28,872
843.56,872
843.84,872
844.13,871
844.41,870
844.69,871
844.97,870
845.25,871
845.53,869
845.81,873
846.09,870
846.38,870
846.66,872
846.94,869
847.22,870
847.5,873
847.78,872
848.06,875
848.34,875
848.63,869
848.91,872
849.19,871
849.47,872
849.75,872
850.03,872
850.31,870
850.59,872
850.88,871
851.16,871
851.44,875
851.72,872
852,871
852.28,873
852.56,876
852.84,874
853.13,873
853.41,871
853.69,871
853.97,874
854.25,873
854.53,875
854.81,877
855.09,874
855.38,876
855.66,876
855.94,874
856.22,874
856.5,873
856.78,875
857.06,873
857.34,876
857.63,873
857.91,875
858.19,876
858.47,879
858.75,878
859.03,876
859.31,877
859.59,876
859.88,873
860.16,874
860.44,876
860.72,873
861,871
861.28,873
861.56,876
861.84,875
862.13,874
862.41,875
862.69,878
862.97,873
863.25,873
863.53,877
863.81,877
864.09,874
864.38,879
864.66,874
864.94,873
865.22,875
865.5,874
865.78,878
866.06,876
866.34,874
866.63,881
866.91,874
867.19,874
867.47,876
867.75,878
868.03,878
868.31,876
868.59,876
868.88,878
869.16,878
869.44,876
869.72,876
870,874
870.28,877
870.56,878
870.84,877
871.13,875
871.41,879
871.69,874
871.97,875
872.25,878
872.53,875
872.81,878
873.09,880
873.38,880
873.66,878
873.94,878
874.22,880
874.5,877
874.78,877
875.06,879
875.34,878
875.63,876
875.91,876
876.19,878
876.47,876
876.75,875
877.03,878
877.31,878
877.59,878
877.88,880
878.16,877
878.44,878
878.72,880
879,877
879.28,879
879.56,878
879.84,877
880.13,879
880.41,877
880.69,877
880.97,880
881.25,880
881.53,876
881.81,880
882.09,880
882.38,876
882.66,880
882.94,878
883.22,878
883.5,882
883.78,878
884.06,880
884.34,881
884.63,879
884.91,881
885.19,877
885.47,879
885.75,879
886.03,880
886.31,881
886.59,881
886.88,879
887.16,879
887.44,878
887.72,882
888,877
888.28,882
888.56,876
888.84,877
889.13,883
889.41,879
889.69,877
889.97,881
890.25,879
890.53,882
890.81,880
891.09,882
891.38,880
891.66,879
891.94,878
892.22,883
892.5,880
892.78,881
893.06,882
893.34,878
893.63,882
893.91,881
894.19,881
894.47,883
894.75,883
895.03,881
895.31,882
895.59,882
895.88,881
896.16,881
896.44,882
896.72,883
897,880
897.28,882
897.56,881
897.84,881
898.13,885
898.41,883
898.69,881
898.97,883
899.25,881
899.53,882
899.81,883
900.09,883
900.38,884
900.66,883
900.94,886
901.22,880
901.5,883
901.78,883
902.06,881
902.34,883
902.63,881
902.91,882
903.19,886
903.47,883
903.75,886
904.03,886
904.31,883
904.59,884
904.88,886
905.16,883
905.44,883
905.72,882
906,884
906.28,887
906.56,884
906.84,885
907.13,882
907.41,885
907.69,885
907.97,887
908.25,884
908.53,884
908.81,883
909.09,882
909.38,884
909.66,882
909.94,884
910.22,883
910.5,885
910.78,883
911.06,885
911.34,885
911.63,881
911.91,886
912.19,886
912.47,880
912.75,885
913.03,883
913.31,885
913.59,887
913.88,884
914.16,883
914.44,885
914.72,885
915,886
915.28,884
915.56,884
915.84,885
916.13,885
916.41,886
916.69,886
916.97,889
917.25,884
917.53,885
917.81,882
918.09,884
918.38,885
918.66,888
918.94,889
919.22,885
919.5,890
919.78,886
920.06,888
920.34,885
920.63,884
920.91,886
921.19,887
921.47,888
921.75,891
922.03,889
922.31,885
922.59,886
922.88,889
923.16,887
923.44,887
923.72,886
924,887
924.28,886
924.56,887
924.84,889
925.13,888
925.41,886
925.69,889
925.97,888
926.25,889
926.53,887
926.81,884
927.09,887
927.38,887
927.66,890
927.94,887
928.22,889
928.5,887
928.78,888
929.06,888
929.34,889
929.63,886
929.91,889
930.19,888
930.47,891
930.75,888
931.03,890
931.31,888
931.59,888
931.88,886
932.16,884
932.44,885
932.72,889
933,884
933.28,886
933.56,890
933.84,887
934.13,889
934.41,890
934.69,888
934.97,887
935.25,889
935.53,887
935.81,886
936.09,889
936.38,890
936.66,889
936.94,891
937.22,886
937.5,887
937.78,889
938.06,888
938.34,891
938.63,888
938.91,890
939.19,889
939.47,890
939.75,886
940.03,890
940.31,890
940.59,887
940.88,890
941.16,890
941.44,890
941.72,888
942,888
942.28,890
942.56,891
942.84,892
943.13,887
943.41,889
943.69,888
943.97,889
944.25,891
944.53,891
944.81,891
945.09,892
945.38,890
945.66,887
945.94,887
946.22,890
946.5,893
946.78,892
947.06,890
947.34,888
947.63,892
947.91,889
948.19,886
948.47,891
948.75,890
949.03,893
949.31,889
949.59,890
949.88,890
950.16,891
950.44,892
950.72,892
951,891
951.28,892
951.56,890
951.84,892
952.13,890
952.41,892
952.69,893
952.97,890
953.25,891
953.53,894
953.81,892
954.09,891
954.38,889
954.66,894
954.94,889
955.22,892
955.5,894
955.78,886
956.06,893
956.34,893
956.63,890
956.91,892
957.19,892
957.47,892
957.75,892
958.03,894
958.31,890
958.59,894
958.88,890
959.16,892
959.44,889
959.72,891
960,891
960.28,892
960.56,895
960.84,891
961.13,894
961.41,891
961.69,891
961.97,895
962.25,891
962.53,891
962.81,891
963.09,892
963.38,894
963.66,891
963.94,892
964.22,892
964.5,893
964.78,897
965.06,894
965.34,891
965.63,893
965.91,894
966.19,893
966.47,893
966.75,893
967.03,892
967.31,891
967.59,894
967.88,894
968.16,896
968.44,896
968.72,892
969,894
969.28,892
969.56,893
969.84,892
970.13,894
970.41,895
970.69,892
970.97,894
971.25,897
971.53,895
971.81,895
972.09,894
972.38,894
972.66,895
972.94,894
973.22,892
973.5,895
973.78,892
974.06,895
974.34,891
974.63,894
974.91,895
975.19,893
975.47,896
975.75,895
976.03,893
976.31,893
976.59,893
976.88,893
977.16,896
977.44,895
977.72,894
978,894
978.28,895
978.56,895
978.84,898
979.13,895
979.41,896
979.69,893
979.97,897
980.25,894
980.53,896
980.81,896
981.09,896
981.38,897
981.66,897
981.94,895
982.22,899
982.5,895
982.78,897
983.06,892
983.34,899
983.63,897
983.91,894
984.19,897
984.47,894
984.75,894
985.03,894
985.31,896
985.59,895
985.88,897
986.16,894
986.44,896
986.72,896
987,893
987.28,893
987.56,896
987.84,899
988.13,895
988.41,898
988.69,901
988.97,895
989.25,897
989.53,899
989.81,896
990.09,896
990.38,898
990.66,898
990.94,896
991.22,897
991.5,898
991.78,898
992.06,900
992.34,898
992.63,896
992.91,899
993.19,896
993.47,897
993.75,898
994.03,900
994.31,901
994.59,898
994.88,897
995.16,897
995.44,898
995.72,895
996,897
996.28,897
996.56,896
996.84,898
997.13,899
997.41,897
997.69,895
997.97,893
998.25,898
998.53,900
998.81,897
999.09,895
999.38,899
999.66,896
999.94,900
1000.22,898
1000.5,899
1000.78,898
1001.06,900
1001.34,899
1001.63,898
1001.91,901
1002.19,899
1002.47,898
1002.75,898
1003.03,900
1003.31,898
1003.59,898
1003.88,899
1004.16,896
1004.44,900
1004.72,898
1005,901
1005.28,900
1005.56,897
1005.84,899
1006.13,897
1006.41,900
1006.69,899
1006.97,901
1007.25,898
1007.53,900
1007.81,899
1008.09,898
1008.38,899
1008.66,901
1008.94,899
1009.22,900
1009.5,899
1009.78,900
1010.06,899
1010.34,899
1010.63,897
1010.91,897
1011.19,898
1011.47,901
1011.75,902
1012.03,901
1012.31,903
1012.59,901
1012.88,898
1013.16,898
1013.44,899
1013.72,900
1014,901
1014.28,900
1014.56,899
1014.84,899
1015.13,899
1015.41,900
1015.69,902
1015.97,899
1016.25,901
1016.53,902
1016.81,903
1017.09,898
1017.38,899
1017.66,899
1017.94,902
1018.22,902
1018.5,903
1018.78,902
1019.06,901
1019.34,902
1019.63,901
1019.91,903
1020.19,902
1020.47,901
1020.75,903
1021.03,901
1021.31,902
1021.59,900
1021.88,903
1022.16,901
1022.44,904
1022.72,902
1023,903
1023.28,899
1023.56,902
1023.84,901
1024.13,901
1024.41,900
1024.69,900
1024.97,902
1025.25,902
1025.53,899
1025.81,902
1026.09,903
1026.38,903
1026.66,903
1026.94,902
1027.22,903
1027.5,902
1027.78,902
1028.06,903
1028.34,907
1028.63,904
1028.91,905
1029.19,901
1029.47,901
1029.75,900
1030.03,902
1030.31,903
1030.59,902
1030.88,902
1031.16,906
1031.44,904
1031.72,905
1032,901
1032.28,901
1032.56,902
1032.84,901
1033.13,904
1033.41,901
1033.69,902
1033.97,905
1034.25,906
1034.53,905
1034.81,902
1035.09,903
1035.38,904
1035.66,902
1035.94,904
1036.22,904
1036.5,901
1036.78,903
1037.06,903
1037.34,905
1037.63,904
1037.91,903
1038.19,905
1038.47,906
1038.75,905
1039.03,902
1039.31,904
1039.59,903
1039.88,904
1040.16,904
1040.44,905
1040.72,905
1041,902
1041.28,904
1041.56,904
1041.84,904
1042.13,906
1042.41,903
1042.69,904
1042.97,902
1043.25,904
1043.53,905
1043.81,906
1044.09,906
1044.38,908
1044.66,900
1044.94,907
1045.22,903
1045.5,906
1045.78,903
1046.06,903
1046.34,906
1046.63,907
1046.91,904
1047.19,903
1047.47,907
1047.75,907
1048.03,906
1048.31,907
1048.59,904
1048.88,904
1049.16,906
1049.44,903
1049.72,906
1050,907
1050.28,907
1050.56,906
1050.84,906
1051.13,907
1051.41,903
1051.69,908
1051.97,908
1052.25,908
1052.53,904
1052.81,905
1053.09,906
1053.38,906
1053.66,902
1053.94,904
1054.22,905
1054.5,907
1054.78,905
1055.06,906
1055.34,907
1055.63,905
1055.91,908
1056.19,904
1056.47,904
1056.75,907
1057.03,905
1057.31,906
1057.59,906
1057.88,908
1058.16,908
1058.44,908
1058.72,906
1059,907
1059.28,907
1059.56,905
1059.84,905
1060.13,905
1060.41,907
1060.69,907
1060.97,907
1061.25,906
1061.53,907
1061.81,905
1062.09,907
1062.38,906
1062.66,907
1062.94,905
1063.22,908
1063.5,907
1063.78,908
1064.06,908
1064.34,910
1064.63,908
1064.91,907
1065.19,907
1065.47,908
1065.75,907
1066.03,910
1066.31,905
1066.59,907
1066.88,909
1067.16,904
1067.44,908
1067.72,905
1068,907
1068.28,908
1068.56,910
1068.84,910
1069.13,908
1069.41,909
1069.69,910
1069.97,895
1070.25,908
1070.53,910
1070.81,908
1071.09,911
1071.38,908
1071.66,908
1071.94,910
1072.22,900
1072.5,909
1072.78,901
1073.06,914
1073.34,917
1073.63,947
1073.91,893
1074.19,972
1074.47,897
1074.75,896
1075.03,919
1075.31,909
1075.59,909
1075.88,909
1076.16,912
1076.44,915
1076.72,904
1077,915
1077.28,907
1077.56,913
1077.84,909
1078.13,906
1078.41,907
1078.69,914
1078.97,906
1079.25,905
1079.53,918
1079.81,918
1080.09,909
1080.38,914
1080.66,912
1080.94,913
1081.22,909
1081.5,906
1081.78,912
1082.06,909
1082.34,912
1082.63,906
1082.91,908
1083.19,908
1083.47,911
1083.75,911
1084.03,905
1084.31,912
1084.59,908
1084.88,910
1085.16,909
1085.44,909
1085.72,909
1086,909
1086.28,911
1086.56,909
1086.84,908
1087.13,912
1087.41,912
1087.69,909
1087.97,909
1088.25,912
1088.53,910
1088.81,911
1089.09,912
1089.38,908
1089.66,912
1089.94,912
1090.22,913
1090.5,910
1090.78,910
1091.06,911
1091.34,913
1091.63,913
1091.91,912
1092.19,911
1092.47,914
1092.75,910
1093.03,907
1093.31,913
1093.59,910
1093.88,911
1094.16,912
1094.44,912
1094.72,909
1095,911
1095.28,913
1095.56,911
1095.84,913
1096.13,913
1096.41,914
1096.69,912
1096.97,914
1097.25,913
1097.53,910
1097.81,912
1098.09,909
1098.38,913
1098.66,910
1098.94,911
1099.22,909
1099.5,914
1099.78,909
1100.06,912
1100.34,913
1100.63,910
1100.91,914
1101.19,912
1101.47,911
1101.75,912
1102.03,912
1102.31,911
1102.59,912
1102.88,911
1103.16,910
1103.44,911
1103.72,914
1104,912
1104.28,909
1104.56,913
1104.84,913
1105.13,914
1105.41,913
1105.69,916
1105.97,912
1106.25,913
1106.53,912
1106.81,915
1107.09,914
1107.38,913
1107.66,912
1107.94,913
1108.22,914
1108.5,913
1108.78,912
1109.06,913
1109.34,916
1109.63,915
1109.91,914
1110.19,911
1110.47,911
1110.75,912
1111.03,914
1111.31,914
1111.59,914
1111.88,915
1112.16,915
1112.44,915
1112.72,912
1113,914
1113.28,916
1113.56,913
1113.84,915
1114.13,914
1114.41,913
1114.69,915
1114.97,918
1115.25,914
1115.53,913
1115.81,916
1116.09,914
1116.38,915
1116.66,915
1116.94,917
1117.22,914
1117.5,916
1117.78,914
1118.06,911
1118.34,915
1118.63,917
1118.91,913
1119.19,916
1119.47,912
1119.75,917
1120.03,915
1120.31,915
1120.59,918
1120.88,917
1121.16,917
1121.44,916
1121.72,916
1122,916
1122.28,916
1122.56,916
1122.84,916
1123.13,915
1123.41,916
1123.69,916
1123.97,916
1124.25,917
1124.53,915
1124.81,918
1125.09,914
1125.38,915
1125.66,914
1125.94,916
1126.22,918
1126.5,917
1126.78,918
1127.06,917
1127.34,916
1127.63,919
1127.91,916
1128.19,917
1128.47,917
1128.75,918
1129.03,915
1129.31,914
1129.59,916
1129.88,915
1130.16,915
1130.44,917
1130.72,918
1131,914
1131.28,917
1131.56,918
1131.84,919
1132.13,916
1132.41,914
1132.69,917
1132.97,919
1133.25,920
1133.53,916
1133.81,918
1134.09,915
1134.38,917
1134.66,916
1134.94,918
1135.22,918
1135.5,917
1135.78,921
1136.06,919
1136.34,920
1136.63,915
1136.91,918
1137.19,920
1137.47,919
1137.75,917
1138.03,922
1138.31,919
1138.59,917
1138.88,918
1139.16,918
1139.44,922
1139.72,918
1140,918
1140.28,920
1140.56,919
1140.84,917
1141.13,917
1141.41,922
1141.69,922
1141.97,919
1142.25,918
1142.53,922
1142.81,923
1143.09,919
1143.38,918
1143.66,920
1143.94,924
1144.22,922
1144.5,919
1144.78,921
1145.06,917
1145.34,923
1145.63,921
1145.91,919
1146.19,920
1146.47,924
1146.75,920
1147.03,922
1147.31,922
1147.59,921
1147.88,921
1148.16,922
1148.44,922
1148.72,921
1149,925
1149.28,920
1149.56,918
1149.84,924
1150.13,923
1150.41,923
1150.69,924
1150.97,923
1151.25,925
1151.53,922
1151.81,924
1152.09,920
1152.38,922
1152.66,921
1152.94,923
1153.22,923
1153.5,922
1153.78,923
1154.06,924
1154.34,927
1154.63,923
1154.91,921
1155.19,923
1155.47,922
1155.75,925
1156.03,923
1156.31,925
1156.59,923
1156.88,923
1157.16,921
1157.44,922
1157.72,922
1158,925
1158.28,923
1158.56,922
1158.84,923
1159.13,922
1159.41,926
1159.69,925
1159.97,924
1160.25,923
1160.53,923
1160.81,924
1161.09,924
1161.38,923
1161.66,923
1161.94,922
1162.22,925
1162.5,924
1162.78,923
1163.06,924
1163.34,925
1163.63,924
1163.91,924
1164.19,924
1164.47,922
1164.75,923
1165.03,923
1165.31,925
1165.59,926
1165.88,925
1166.16,926
1166.44,926
1166.72,924
1167,924
1167.28,923
1167.56,923
1167.84,924
1168.13,925
1168.41,927
1168.69,924
1168.97,924
1169.25,924
1169.53,925
1169.81,925
1170.09,926
1170.38,924
1170.66,924
1170.94,925
1171.22,927
1171.5,923
1171.78,924
1172.06,926
1172.34,924
1172.63,928
1172.91,923
1173.19,924
1173.47,924
1173.75,922
1174.03,925
1174.31,926
1174.59,923
1174.88,923
1175.16,924
1175.44,925
1175.72,925
1176,925
1176.28,925
1176.56,927
1176.84,925
1177.13,926
1177.41,922
1177.69,928
1177.97,925
1178.25,923
1178.53,925
1178.81,923
1179.09,923
1179.38,923
1179.66,927
1179.94,926
1180.22,928
1180.5,929
1180.78,922
1181.06,927
1181.34,927
1181.63,925
1181.91,926
1182.19,927
1182.47,925
1182.75,926
1183.03,926
1183.31,926
1183.59,925
1183.88,929
1184.16,925
1184.44,926
1184.72,927
1185,926
1185.28,926
1185.56,928
1185.84,928
1186.13,928
1186.41,928
1186.69,928
1186.97,927
1187.25,927
1187.53,929
1187.81,926
1188.09,927
1188.38,929
1188.66,927
1188.94,929
1189.22,927
1189.5,930
1189.78,927
1190.06,925
1190.34,929
1190.63,928
1190.91,930
1191.19,928
1191.47,929
1191.75,928
1192.03,930
1192.31,927
1192.59,929
1192.88,929
1193.16,928
1193.44,928
1193.72,926
1194,928
1194.28,928
1194.56,928
1194.84,927
1195.13,930
1195.41,927
1195.69,928
1195.97,929
1196.25,930
1196.53,931
1196.81,932
1197.09,933
1197.38,930
1197.66,931
1197.94,933
1198.22,932
1198.5,930
1198.78,928
1199.06,931
1199.34,929
1199.63,928
1199.91,931
1200.19,930
1200.47,929
1200.75,929
1201.03,933
1201.31,929
1201.59,931
1201.88,927
1202.16,928
1202.44,930
1202.72,931
1203,931
1203.28,932
1203.56,931
1203.84,929
1204.13,929
1204.41,930
1204.69,931
1204.97,929
1205.25,928
1205.53,931
1205.81,928
1206.09,931
1206.38,929
1206.66,929
1206.94,930
1207.22,934
1207.5,931
1207.78,931
1208.06,932
1208.34,933
1208.63,940
1208.91,928
1209.19,931
1209.47,931
1209.75,935
1210.03,931
1210.31,935
1210.59,931
1210.88,932
1211.16,932
1211.44,929
1211.72,932
1212,935
1212.28,933
1212.56,935
1212.84,932
1213.13,935
1213.41,934
1213.69,935
1213.97,932
1214.25,933
1214.53,935
1214.81,931
1215.09,933
1215.38,930
1215.66,932
1215.94,932
1216.22,933
1216.5,932
1216.78,934
1217.06,932
1217.34,935
1217.63,933
1217.91,934
1218.19,935
1218.47,934
1218.75,934
1219.03,933
1219.31,934
1219.59,936
1219.88,929
1220.16,933
1220.44,933
1220.72,936
1221,934
1221.28,934
1221.56,937
1221.84,936
1222.13,936
1222.41,933
1222.69,935
1222.97,933
1223.25,931
1223.53,938
1223.81,935
1224.09,935
1224.38,935
1224.66,934
1224.94,934
1225.22,934
1225.5,934
1225.78,933
1226.06,938
1226.34,934
1226.63,936
1226.91,932
1227.19,933
1227.47,939
1227.75,934
1228.03,934
1228.31,937
1228.59,935
1228.88,934
1229.16,933
1229.44,935
1229.72,934
1230,936
1230.28,936
1230.56,937
1230.84,933
1231.13,933
1231.41,937
1231.69,935
1231.97,935
1232.25,935
1232.53,937
1232.81,934
1233.09,936
1233.38,938
1233.66,937
1233.94,937
1234.22,935
1234.5,937
1234.78,939
1235.06,935
1235.34,938
1235.63,940
1235.91,939
1236.19,937
1236.47,937
1236.75,936
1237.03,935
1237.31,939
1237.59,939
1237.88,938
1238.16,936
1238.44,937
1238.72,938
1239,937
1239.28,938
1239.56,939
1239.84,938
1240.13,939
1240.41,938
1240.69,941
1240.97,938
1241.25,940
1241.53,938
1241.81,938
1242.09,938
1242.38,937
1242.66,939
1242.94,941
1243.22,940
1243.5,939
1243.78,939
1244.06,940
1244.34,938
1244.63,939
1244.91,941
1245.19,937
1245.47,936
1245.75,938
1246.03,944
1246.31,942
1246.59,937
1246.88,940
1247.16,942
1247.44,942
1247.72,941
1248,938
1248.28,938
1248.56,941
1248.84,940
1249.13,934
1249.41,932
1249.69,933
1249.97,927
1250.25,930
1250.53,930
1250.81,930
1251.09,930
1251.38,931
1251.66,930
1251.94,932
1252.22,931
1252.5,931
1252.78,930
1253.06,932
1253.34,930
1253.63,929
1253.91,929
1254.19,931
1254.47,929
1254.75,931
1255.03,930
1255.31,932
1255.59,931
1255.88,929
1256.16,932
1256.44,934
1256.72,931
1257,934
1257.28,933
1257.56,931
1257.84,933
1258.13,933
1258.41,935
1258.69,932
1258.97,930
1259.25,933
1259.53,932
1259.81,932
1260.09,933
1260.38,933
1260.66,933
1260.94,931
1261.22,933
1261.5,930
1261.78,934
1262.06,933
1262.34,933
1262.63,932
1262.91,932
1263.19,933
1263.47,933
1263.75,934
1264.03,930
1264.31,933
1264.59,933
1264.88,935
1265.16,932
1265.44,932
1265.72,935
1266,934
1266.28,932
1266.56,929
1266.84,933
1267.13,932
1267.41,933
1267.69,933
1267.97,934
1268.25,934
1268.53,936
1268.81,933
1269.09,934
1269.38,933
1269.66,934
1269.94,933
1270.22,934
1270.5,936
1270.78,933
1271.06,933
1271.34,978
1271.63,1000
1271.91,975
1272.19,957
1272.47,940
1272.75,937
1273.03,922
1273.31,941
1273.59,934
1273.88,925
1274.16,933
1274.44,940
1274.72,934
1275,939
1275.28,934
1275.56,941
1275.84,934
1276.13,941
1276.41,938
1276.69,936
1276.97,940
1277.25,940
1277.53,939
1277.81,943
1278.09,947
1278.38,937
1278.66,936
1278.94,941
1279.22,937
1279.5,935
1279.78,950
1280.06,943
1280.34,949
1280.63,940
1280.91,943
1281.19,945
1281.47,940
1281.75,941
1282.03,943
1282.31,943
1282.59,939
1282.88,944
1283.16,943
1283.44,942
1283.72,944
1284,953
1284.28,947
1284.56,963
1284.84,944
1285.13,936
1285.41,954
1285.69,971
1285.97,945
1286.25,939
1286.53,938
1286.81,942
1287.09,944
1287.38,940
1287.66,945
1287.94,933
1288.22,945
1288.5,938
1288.78,936
1289.06,943
1289.34,942
1289.63,946
1289.91,942
1290.19,940
1290.47,937
1290.75,940
1291.03,943
1291.31,943
1291.59,946
1291.88,943
1292.16,946
1292.44,942
1292.72,944
1293,947
1293.28,947
1293.56,947
1293.84,948
1294.13,949
1294.41,945
1294.69,944
1294.97,945
1295.25,946
1295.53,946
1295.81,947
1296.09,946
1296.38,945
1296.66,948
1296.94,949
1297.22,947
1297.5,949
1297.78,944
1298.06,947
1298.34,951
1298.63,948
1298.91,947
1299.19,946
1299.47,947
1299.75,948
1300.03,950
1300.31,949
1300.59,949
1300.88,947
1301.16,947
1301.44,949
1301.72,947
1302,951
1302.28,950
1302.56,950
1302.84,951
1303.13,949
1303.41,950
1303.69,949
1303.97,952
1304.25,949
1304.53,950
1304.81,949
1305.09,952
1305.38,950
1305.66,953
1305.94,950
1306.22,951
1306.5,952
1306.78,952
1307.06,953
1307.34,954
1307.63,953
1307.91,956
1308.19,953
1308.47,954
1308.75,954
1309.03,953
1309.31,953
1309.59,951
1309.88,953
1310.16,955
1310.44,953
1310.72,954
1311,957
1311.28,958
1311.56,954
1311.84,957
1312.13,955
1312.41,955
1312.69,955
1312.97,956
1313.25,955
1313.53,954
1313.81,957
1314.09,956
1314.38,956
1314.66,955
1314.94,956
1315.22,957
1315.5,958
1315.78,957
1316.06,957
1316.34,957
1316.63,957
1316.91,957
1317.19,958
1317.47,957
1317.75,957
1318.03,954
1318.31,959
1318.59,959
1318.88,960
1319.16,960
1319.44,958
1319.72,961
1320,961
1320.28,957
1320.56,959
1320.84,960
1321.13,958
1321.41,961
1321.69,956
1321.97,962
1322.25,963
1322.53,960
1322.81,965
1323.09,964
1323.38,961
1323.66,959
1323.94,962
1324.22,962
1324.5,963
1324.78,964
1325.06,961
1325.34,961
1325.63,961
1325.91,964
1326.19,962
1326.47,961
1326.75,965
1327.03,964
1327.31,963
1327.59,962
1327.88,965
1328.16,963
1328.44,964
1328.72,965
1329,965
1329.28,963
1329.56,967
1329.84,966
1330.13,964
1330.41,966
1330.69,965
1330.97,966
1331.25,965
1331.53,966
1331.81,963
1332.09,963
1332.38,968
1332.66,965
1332.94,965
1333.22,965
1333.5,966
1333.78,969
1334.06,968
1334.34,966
1334.63,966
1334.91,967
1335.19,968
1335.47,969
1335.75,966
1336.03,968
1336.31,964
1336.59,967
1336.88,967
1337.16,967
1337.44,968
1337.72,970
1338,968
1338.28,970
1338.56,970
1338.84,971
1339.13,969
1339.41,970
1339.69,970
1339.97,974
1340.25,970
1340.53,970
1340.81,969
1341.09,969
1341.38,970
1341.66,970
1341.94,969
1342.22,970
1342.5,969
1342.78,972
1343.06,972
1343.34,971
1343.63,974
1343.91,968
1344.19,972
1344.47,973
1344.75,973
1345.03,973
1345.31,971
1345.59,971
1345.88,974
1346.16,972
1346.44,975
1346.72,976
1347,974
1347.28,977
1347.56,975
1347.84,975
1348.13,973
1348.41,976
1348.69,975
1348.97,975
1349.25,973
1349.53,977
1349.81,975
1350.09,974
1350.38,974
1350.66,977
1350.94,980
1351.22,975
1351.5,976
1351.78,980
1352.06,978
1352.34,977
1352.63,979
1352.91,980
1353.19,978
1353.47,977
1353.75,979
1354.03,982
1354.31,977
1354.59,979
1354.88,978
1355.16,980
1355.44,979
1355.72,979
1356,979
1356.28,982
1356.56,978
1356.84,979
1357.13,978
1357.41,980
1357.69,984
1357.97,980
1358.25,982
1358.53,982
1358.81,982
1359.09,983
1359.38,984
1359.66,981
1359.94,980
1360.22,983
1360.5,983
1360.78,983
1361.06,983
1361.34,981
1361.63,981
1361.91,983
1362.19,984
1362.47,982
1362.75,983
1363.03,985
1363.31,983
1363.59,987
1363.88,986
1364.16,986
1364.44,983
1364.72,982
1365,985
1365.28,985
1365.56,987
1365.84,986
1366.13,987
1366.41,985
1366.69,988
1366.97,988
1367.25,985
1367.53,987
1367.81,986
1368.09,986
1368.38,986
1368.66,989
1368.94,988
1369.22,985
1369.5,987
1369.78,989
1370.06,991
1370.34,989
1370.63,989
1370.91,989
1371.19,989
1371.47,987
1371.75,989
1372.03,987
1372.31,990
1372.59,989
1372.88,991
1373.16,991
1373.44,990
1373.72,992
1374,992
1374.28,993
1374.56,990
1374.84,992
1375.13,992
1375.41,991
1375.69,990
1375.97,991
1376.25,990
1376.53,992
1376.81,992
1377.09,992
1377.38,994
1377.66,994
1377.94,996
1378.22,997
1378.5,997
1378.78,996
1379.06,997
1379.34,994
1379.63,993
1379.91,996
1380.19,995
1380.47,996
1380.75,993
1381.03,992
1381.31,995
1381.59,996
1381.88,994
1382.16,998
1382.44,998
1382.72,995
1383,995
1383.28,996
1383.56,999
1383.84,998
1384.13,1000
1384.41,997
1384.69,997
1384.97,997
1385.25,997
1385.53,997
1385.81,998
1386.09,997
1386.38,997
1386.66,996
1386.94,999
1387.22,999
1387.5,1002
1387.78,998
1388.06,1000
1388.34,997
1388.63,999
1388.91,1000
1389.19,1001
1389.47,1002
1389.75,1003
1390.03,1001
1390.31,998
1390.59,1002
1390.88,999
1391.16,1004
1391.44,1003
1391.72,1005
1392,998
1392.28,1002
1392.56,1005
1392.84,1002
1393.13,1004
1393.41,1000
1393.69,1003
1393.97,1004
1394.25,1001
1394.53,1000
1394.81,1005
1395.09,1004
1395.38,1004
1395.66,1001
1395.94,1004
1396.22,1005
1396.5,1004
1396.78,1001
1397.06,1002
1397.34,1004
1397.63,1005
1397.91,1001
1398.19,1006
1398.47,1004
1398.75,1003
1399.03,1004
1399.31,1008
1399.59,1004
1399.88,1006
1400.16,1003
1400.44,1007
1400.72,1006
1401,1007
1401.28,1005
1401.56,1005
1401.84,1009
1402.13,1008
1402.41,1009
1402.69,1006
1402.97,1007
1403.25,1008
1403.53,1006
1403.81,1008
1404.09,1005
1404.38,1008
1404.66,1007
1404.94,1010
1405.22,1006
1405.5,1010
1405.78,1010
1406.06,1007
1406.34,1009
1406.63,1009
1406.91,1008
1407.19,1010
1407.47,1012
1407.75,1011
1408.03,1009
1408.31,1008
1408.59,1012
1408.88,1010
1409.16,1011
1409.44,1013
1409.72,1011
1410,1011
1410.28,1012
1410.56,1013
1410.84,1013
1411.13,1009
1411.41,1012
1411.69,1014
1411.97,1012
1412.25,1013
1412.53,1013
1412.81,1012
1413.09,1014
1413.38,1014
1413.66,1014
1413.94,1013
1414.22,1013
1414.5,1014
1414.78,1014
1415.06,1015
1415.34,1014
1415.63,1017
1415.91,1018
1416.19,1013
1416.47,1014
1416.75,1018
1417.03,1013
1417.31,1014
1417.59,1016
1417.88,1017
1418.16,1017
1418.44,1017
1418.72,1016
1419,1016
1419.28,1017
1419.56,1016
1419.84,1018
1420.13,1015
1420.41,1016
1420.69,1019
1420.97,1016
1421.25,1019
1421.53,1016
1421.81,1021
1422.09,1018
1422.38,1019
1422.66,1019
1422.94,1018
1423.22,1019
1423.5,1020
1423.78,1018
1424.06,1020
1424.34,1020
1424.63,1018
1424.91,1023
1425.19,1019
1425.47,1019
1425.75,1021
1426.03,1022
1426.31,1022
1426.59,1022
1426.88,1023
1427.16,1018
1427.44,1023
1427.72,1020
1428,1021
1428.28,1024
1428.56,1026
1428.84,1024
1429.13,1022
1429.41,1020
1429.69,1026
1429.97,1021
1430.25,1025
1430.53,1024
1430.81,1021
1431.09,1025
1431.38,1026
1431.66,1023
1431.94,1026
1432.22,1023
1432.5,1025
1432.78,1026
1433.06,1026
1433.34,1024
1433.63,1024
1433.91,1027
1434.19,1025
1434.47,1027
1434.75,1025
1435.03,1026
1435.31,1025
1435.59,1027
1435.88,1027
1436.16,1025
1436.44,1029
1436.72,1026
1437,1029
1437.28,1023
1437.56,1026
1437.84,1028
1438.13,1028
1438.41,1027
1438.69,1029
1438.97,1027
1439.25,1030
1439.53,1026
1439.81,1031
1440.09,1028
1440.38,1028
1440.66,1029
1440.94,1030
1441.22,1030
1441.5,1030
1441.78,1027
1442.06,1031
1442.34,1028
1442.63,1033
1442.91,1029
1443.19,1032
1443.47,1029
1443.75,1031
1444.03,1030
1444.31,1030
1444.59,1031
1444.88,1030
1445.16,1029
1445.44,1034
1445.72,1031
1446,1032
1446.28,1031
1446.56,1033
1446.84,1035
1447.13,1030
1447.41,1033
1447.69,1034
1447.97,1036
1448.25,1034
1448.53,1032
1448.81,1035
1449.09,1031
1449.38,1035
1449.66,1034
1449.94,1036
1450.22,1033
1450.5,1035
1450.78,1034
1451.06,1034
1451.34,1033
1451.63,1035
1451.91,1037
1452.19,1035
1452.47,1037
1452.75,1035
1453.03,1036
1453.31,1036
1453.59,1035
1453.88,1037
1454.16,1036
1454.44,1037
1454.72,1037
1455,1036
1455.28,1028
1455.56,1034
1455.84,1035
1456.13,1038
1456.41,1037
1456.69,1034
1456.97,1035
1457.25,1037
1457.53,1036
1457.81,1036
1458.09,1037
1458.38,1038
1458.66,1037
1458.94,1037
1459.22,1037
1459.5,1038
1459.78,1039
1460.06,1037
1460.34,1038
1460.63,1035
1460.91,1038
1461.19,1039
1461.47,1040
1461.75,1037
1462.03,1036
1462.31,1039
1462.59,1041
1462.88,1038
1463.16,1041
1463.44,1040
1463.72,1038
1464,1040
1464.28,1043
1464.56,1038
1464.84,1043
1465.13,1040
1465.41,1040
1465.69,1041
1465.97,1041
1466.25,1041
1466.53,1043
1466.81,1042
1467.09,1042
1467.38,1041
1467.66,1041
1467.94,1040
1468.22,1044
1468.5,1042
1468.78,1039
1469.06,1043
1469.34,1044
1469.63,1041
1469.91,1042
1470.19,1045
1470.47,1046
1470.75,1033
1471.03,1031
1471.31,1033
1471.59,1035
1471.88,1031
1472.16,1032
1472.44,1033
1472.72,1029
1473,1034
1473.28,1033
1473.56,1033
1473.84,1032
1474.13,1033
1474.41,1035
1474.69,1036
1474.97,1032
1475.25,1037
1475.53,1033
1475.81,1035
1476.09,1033
1476.38,1034
1476.66,1034
1476.94,1035
1477.22,1036
1477.5,1036
1477.78,1036
1478.06,1038
1478.34,1035
1478.63,1035
1478.91,1037
1479.19,1034
1479.47,1037
1479.75,1037
1480.03,1039
1480.31,1038
1480.59,1040
1480.88,1034
1481.16,1035
1481.44,1038
1481.72,1037
1482,1037
1482.28,1039
1482.56,1037
1482.84,1036
1483.13,1039
1483.41,1039
1483.69,1038
1483.97,1037
1484.25,1036
1484.53,1041
1484.81,1037
1485.09,1039
1485.38,1038
1485.66,1046
1485.94,1039
1486.22,1037
1486.5,1043
1486.78,1039
1487.06,1041
1487.34,1041
1487.63,1038
1487.91,1042
1488.19,1037
1488.47,1039
1488.75,1038
1489.03,1040
1489.31,1040
1489.59,1039
1489.88,1043
1490.16,1040
1490.44,1041
1490.72,1036
1491,1043
1491.28,1044
1491.56,1043
1491.84,1041
1492.13,1041
1492.41,1041
1492.69,1041
1492.97,1047
1493.25,1042
1493.53,1041
1493.81,1044
1494.09,1045
1494.38,1046
1494.66,1044
1494.94,1044
1495.22,1046
1495.5,1046
1495.78,1042
1496.06,1046
1496.34,1045
1496.63,1048
1496.91,1044
1497.19,1042
1497.47,1050
1497.75,1042
1498.03,1049
1498.31,1042
1498.59,1048
1498.88,1046
1499.16,1049
1499.44,1041
1499.72,1048
1500,1046
1500.28,1046
1500.56,1046
1500.84,1047
1501.13,1047
1501.41,1048
1501.69,1046
1501.97,1047
1502.25,1048
1502.53,1045
1502.81,1049
1503.09,1047
1503.38,1043
1503.66,1045
1503.94,1047
1504.22,1044
1504.5,1047
1504.78,1049
1505.06,1047
1505.34,1052
1505.63,1048
1505.91,1049
1506.19,1051
1506.47,1045
1506.75,1049
1507.03,1048
1507.31,1048
1507.59,1050
1507.88,1054
1508.16,1051
1508.44,1046
1508.72,1053
1509,1049
1509.28,1049
1509.56,1050
1509.84,1049
1510.13,1047
1510.41,1050
1510.69,1053
1510.97,1052
1511.25,1048
1511.53,1054
1511.81,1050
1512.09,1052
1512.38,1052
1512.66,1051
1512.94,1053
1513.22,1054
1513.5,1051
1513.78,1051
1514.06,1052
1514.34,1050
1514.63,1051
1514.91,1054
1515.19,1053
1515.47,1055
1515.75,1053
1516.03,1050
1516.31,1053
1516.59,1055
1516.88,1051
1517.16,1052
1517.44,1053
1517.72,1052
1518,1053
1518.28,1055
1518.56,1051
1518.84,1055
1519.13,1054
1519.41,1052
1519.69,1047
1519.97,1038
1520.25,1044
1520.53,1026
1520.81,1071
1521.09,1066
1521.38,1061
1521.66,1065
1521.94,1058
1522.22,1049
1522.5,1057
1522.78,1054
1523.06,1047
1523.34,1036
1523.63,1055
1523.91,1061
1524.19,1056
1524.47,1056
1524.75,1055
1525.03,1052
1525.31,1051
1525.59,1054
1525.88,1056
1526.16,1052
1526.44,1063
1526.72,1055
1527,1053
1527.28,1051
1527.56,1050
1527.84,1050
1528.13,1052
1528.41,1050
1528.69,1052
1528.97,1056
1529.25,1052
1529.53,1055
1529.81,1056
1530.09,1054
1530.38,1056
1530.66,1050
1530.94,1054
1531.22,1052
1531.5,1054
1531.78,1055
1532.06,1052
1532.34,1051
1532.63,1055
1532.91,1052
1533.19,1054
1533.47,1054
1533.75,1056
1534.03,1059
1534.31,1055
1534.59,1056
1534.88,1057
1535.16,1053
1535.44,1056
1535.72,1056
1536,1057
1536.28,1061
1536.56,1058
1536.84,1058
1537.13,1056
1537.41,1058
1537.69,1057
1537.97,1055
1538.25,1056
1538.53,1057
1538.81,1054
1539.09,1059
1539.38,1056
1539.66,1058
1539.94,1061
1540.22,1060
1540.5,1060
1540.78,1057
1541.06,1057
1541.34,1056
1541.63,1056
1541.91,1059
1542.19,1060
1542.47,1058
1542.75,1061
1543.03,1059
1543.31,1059
1543.59,1059
1543.88,1059
1544.16,1062
1544.44,1061
1544.72,1057
1545,1061
1545.28,1060
1545.56,1061
1545.84,1063
1546.13,1059
1546.41,1061
1546.69,1057
1546.97,1064
1547.25,1062
1547.53,1062
1547.81,1063
1548.09,1062
1548.38,1062
1548.66,1060
1548.94,1062
1549.22,1061
1549.5,1064
1549.78,1062
1550.06,1059
1550.34,1064
1550.63,1062
1550.91,1063
1551.19,1063
1551.47,1063
1551.75,1062
1552.03,1064
1552.31,1063
1552.59,1064
1552.88,1064
1553.16,1061
1553.44,1064
1553.72,1064
1554,1064
1554.28,1065
1554.56,1064
1554.84,1067
1555.13,1063
1555.41,1064
1555.69,1065
1555.97,1064
1556.25,1068
1556.53,1066
1556.81,1065
1557.09,1065
1557.38,1065
1557.66,1066
1557.94,1066
1558.22,1066
1558.5,1067
1558.78,1066
1559.06,1067
1559.34,1067
1559.63,1064
1559.91,1067
1560.19,1067
1560.47,1065
1560.75,1068
1561.03,1068
1561.31,1068
1561.59,1067
1561.88,1068
1562.16,1067
1562.44,1065
1562.72,1066
1563,1068
1563.28,1068
1563.56,1067
1563.84,1070
1564.13,1066
1564.41,1069
1564.69,1070
1564.97,1068
1565.25,1070
1565.53,1071
1565.81,1070
1566.09,1069
1566.38,1071
1566.66,1070
1566.94,1065
1567.22,1069
1567.5,1071
1567.78,1069
1568.06,1070
1568.34,1069
1568.63,1072
1568.91,1072
1569.19,1068
1569.47,1071
1569.75,1070
1570.03,1069
1570.31,1071
1570.59,1071
1570.88,1068
1571.16,1069
1571.44,1070
1571.72,1068
1572,1071
1572.28,1071
1572.56,1073
1572.84,1071
1573.13,1072
1573.41,1074
1573.69,1072
1573.97,1071
1574.25,1073
1574.53,1073
1574.81,1072
1575.09,1073
1575.38,1074
1575.66,1070
1575.94,1074
1576.22,1072
1576.5,1073
1576.78,1073
1577.06,1077
1577.34,1075
1577.63,1073
1577.91,1071
1578.19,1071
1578.47,1073
1578.75,1073
1579.03,1074
1579.31,1075
1579.59,1073
1579.88,1075
1580.16,1073
1580.44,1073
1580.72,1073
1581,1071
1581.28,1075
1581.56,1077
1581.84,1075
1582.13,1078
1582.41,1075
1582.69,1076
1582.97,1076
1583.25,1076
1583.53,1074
1583.81,1076
1584.09,1079
1584.38,1076
1584.66,1076
1584.94,1074
1585.22,1079
1585.5,1078
1585.78,1076
1586.06,1075
1586.34,1076
1586.63,1072
1586.91,1076
1587.19,1079
1587.47,1078
1587.75,1075
1588.03,1075
1588.31,1078
1588.59,1076
1588.88,1077
1589.16,1076
1589.44,1079
1589.72,1078
1590,1078
1590.28,1079
1590.56,1078
1590.84,1078
1591.13,1079
1591.41,1077
1591.69,1078
1591.97,1079
1592.25,1081
1592.53,1079
1592.81,1079
1593.09,1079
1593.38,1079
1593.66,1080
1593.94,1079
1594.22,1081
1594.5,1080
1594.78,1083
1595.06,1082
1595.34,1081
1595.63,1082
1595.91,1079
1596.19,1082
1596.47,1083
1596.75,1078
1597.03,1080
1597.31,1083
1597.59,1080
1597.88,1080
1598.16,1080
1598.44,1078
1598.72,1082
1599,1081
1599.28,1083
1599.56,1081
1599.84,1081
1600.13,1080
1600.41,1082
1600.69,1081
1600.97,1082
1601.25,1081
1601.53,1082
1601.81,1079
1602.09,1081
1602.38,1082
1602.66,1083
1602.94,1081
1603.22,1083
1603.5,1082
1603.78,1082
1604.06,1084
1604.34,1085
1604.63,1082
1604.91,1082
1605.19,1083
1605.47,1083
1605.75,1082
1606.03,1081
1606.31,1081
1606.59,1081
1606.88,1085
1607.16,1083
1607.44,1084
1607.72,1082
1608,1082
1608.28,1086
1608.56,1082
1608.84,1082
1609.13,1083
1609.41,1085
1609.69,1087
1609.97,1085
1610.25,1084
1610.53,1086
1610.81,1086
1611.09,1087
1611.38,1084
1611.66,1085
1611.94,1088
1612.22,1086
1612.5,1087
1612.78,1089
1613.06,1086
1613.34,1084
1613.63,1089
1613.91,1086
1614.19,1086
1614.47,1087
1614.75,1087
1615.03,1086
1615.31,1088
1615.59,1086
1615.88,1090
1616.16,1088
1616.44,1087
1616.72,1088
1617,1087
1617.28,1086
1617.56,1090
1617.84,1089
1618.13,1088
1618.41,1087
1618.69,1089
1618.97,1086
1619.25,1085
1619.53,1089
1619.81,1087
1620.09,1088
1620.38,1089
1620.66,1087
1620.94,1087
1621.22,1090
1621.5,1091
1621.78,1090
1622.06,1088
1622.34,1089
1622.63,1087
1622.91,1090
1623.19,1088
1623.47,1091
1623.75,1087
1624.03,1091
1624.31,1092
1624.59,1090
1624.88,1090
1625.16,1090
1625.44,1090
1625.72,1090
1626,1090
1626.28,1088
1626.56,1090
1626.84,1094
1627.13,1094
1627.41,1092
1627.69,1092
1627.97,1089
1628.25,1089
1628.53,1092
1628.81,1093
1629.09,1090
1629.38,1092
1629.66,1091
1629.94,1093
1630.22,1091
1630.5,1093
1630.78,1085
1631.06,1090
1631.34,1086
1631.63,1085
1631.91,1084
1632.19,1085
1632.47,1087
1632.75,1088
1633.03,1087
1633.31,1087
1633.59,1089
1633.88,1089
1634.16,1086
1634.44,1089
1634.72,1086
1635,1088
1635.28,1089
1635.56,1089
1635.84,1090
1636.13,1088
1636.41,1086
1636.69,1087
1636.97,1090
1637.25,1088
1637.53,1086
1637.81,1087
1638.09,1089
1638.38,1090
1638.66,1086
1638.94,1085
1639.22,1090
1639.5,1087
1639.78,1087
1640.06,1085
1640.34,1090
1640.63,1093
1640.91,1078
1641.19,1079
1641.47,1079
1641.75,1078
1642.03,1079
1642.31,1079
1642.59,1080
1642.88,1079
1643.16,1079
1643.44,1080
1643.72,1073
1644,1081
1644.28,1082
1644.56,1083
1644.84,1081
1645.13,1083
1645.41,1082
1645.69,1084
1645.97,1083
1646.25,1081
1646.53,1081
1646.81,1080
1647.09,1081
1647.38,1081
1647.66,1081
1647.94,1084
1648.22,1084
1648.5,1084
1648.78,1082
1649.06,1084
1649.34,1082
1649.63,1084
1649.91,1084
1650.19,1085
1650.47,1082
1650.75,1084
1651.03,1084
1651.31,1083
1651.59,1083
1651.88,1081
1652.16,1083
1652.44,1085
1652.72,1086
1653,1084
1653.28,1087
1653.56,1083
1653.84,1083
1654.13,1085
1654.41,1085
1654.69,1085
1654.97,1084
1655.25,1086
1655.53,1086
1655.81,1084
1656.09,1088
1656.38,1085
1656.66,1088
1656.94,1088
1657.22,1085
1657.5,1085
1657.78,1084
1658.06,1086
1658.34,1085
1658.63,1086
1658.91,1088
1659.19,1086
1659.47,1087
1659.75,1087
1660.03,1087
1660.31,1086
1660.59,1087
1660.88,1087
1661.16,1089
1661.44,1089
1661.72,1087
1662,1087
1662.28,1091
1662.56,1086
1662.84,1086
1663.13,1088
1663.41,1086
1663.69,1090
1663.97,1092
1664.25,1091
1664.53,1089
1664.81,1089
1665.09,1090
1665.38,1088
1665.66,1090
1665.94,1051
1666.22,1089
1666.5,1089
1666.78,1091
1667.06,1088
1667.34,1090
1667.63,1090
1667.91,1090
1668.19,1088
1668.47,1099
1668.75,1090
1669.03,1088
1669.31,1090
1669.59,1095
1669.88,1082
1670.16,1090
1670.44,1094
1670.72,1092
1671,1088
1671.28,1094
1671.56,1088
1671.84,1093
1672.13,1090
1672.41,1092
1672.69,1087
1672.97,1093
1673.25,1094
1673.53,1093
1673.81,1091
1674.09,1095
1674.38,1092
1674.66,1091
1674.94,1089
1675.22,1089
1675.5,1090
1675.78,1093
1676.06,1091
1676.34,1092
1676.63,1092
1676.91,1090
1677.19,1088
1677.47,1089
1677.75,1093
1678.03,1090
1678.31,1088
1678.59,1092
1678.88,1090
1679.16,1087
1679.44,1089
1679.72,1090
1680,1092
1680.28,1095
1680.56,1092
1680.84,1094
1681.13,1095
1681.41,1097
1681.69,1094
1681.97,1093
1682.25,1097
1682.53,1097
1682.81,1096
1683.09,1093
1683.38,1095
1683.66,1097
1683.94,1094
1684.22,1107
1684.5,1093
1684.78,1096
1685.06,1093
1685.34,1094
1685.63,1089
1685.91,1090
1686.19,1091
1686.47,1091
1686.75,1095
1687.03,1092
1687.31,1089
1687.59,1092
1687.88,1092
1688.16,1092
1688.44,1086
1688.72,1088
1689,1091
1689.28,854
1689.56,1462
1689.84,713
1690.13,664
1690.41,752
1690.69,820
1690.97,768
1691.25,760
1691.53,766
1691.81,770
1692.09,768
1692.38,765
1692.66,764
1692.94,768
1693.22,761
1693.5,764
1693.78,762
1694.06,760
1694.34,766
1694.63,766
1694.91,768
1695.19,769
1695.47,768
1695.75,769
1696.03,768
1696.31,772
1696.59,770
1696.88,776
1697.16,779
1697.44,783
1697.72,782
1698,783
1698.28,782
1698.56,782
1698.84,783
1699.13,777
1699.41,780
1699.69,787
1699.97,780
1700.25,780
1700.53,779
1700.81,779
1701.09,776
1701.38,778
1701.66,775
1701.94,779
1702.22,782
1702.5,746
1702.78,755
1703.06,758
1703.34,758
1703.63,752
1703.91,754
1704.19,751
1704.47,753
1704.75,751
1705.03,751
1705.31,754
1705.59,751
1705.88,751
1706.16,753
1706.44,751
1706.72,751
1707,753
1707.28,749
1707.56,753
1707.84,752
1708.13,752
1708.41,749
1708.69,750
1708.97,748
1709.25,751
1709.53,749
1709.81,751
1710.09,751
1710.38,747
1710.66,747
1710.94,748
1711.22,746
1711.5,747
1711.78,747
1712.06,748
1712.34,750
1712.63,744
1712.91,748
1713.19,747
1713.47,746
1713.75,748
1714.03,746
1714.31,747
1714.59,745
1714.88,749
1715.16,747
1715.44,746
1715.72,749
1716,746
1716.28,747
1716.56,745
1716.84,746
1717.13,749
1717.41,746
1717.69,743
1717.97,745
1718.25,742
1718.53,744
1718.81,743
1719.09,744
1719.38,743
1719.66,747
1719.94,744
1720.22,743
1720.5,745
1720.78,743
1721.06,745
1721.34,743
1721.63,744
1721.91,741
1722.19,740
1722.47,744
1722.75,744
1723.03,745
1723.31,745
1723.59,742
1723.88,744
1724.16,745
1724.44,739
1724.72,742
1725,743
1725.28,744
1725.56,737
1725.84,741
1726.13,740
1726.41,740
1726.69,740
1726.97,743
1727.25,738
1727.53,739
1727.81,743
1728.09,743
1728.38,742
1728.66,741
1728.94,744
1729.22,744
1729.5,735
1729.78,740
1730.06,743
1730.34,739
1730.63,740
1730.91,737
1731.19,739
1731.47,738
1731.75,739
1732.03,739
1732.31,736
1732.59,740
1732.88,738
1733.16,741
1733.44,740
1733.72,736
1734,740
1734.28,738
1734.56,741
1734.84,741
1735.13,737
1735.41,737
1735.69,741
1735.97,740
1736.25,741
1736.53,739
1736.81,739
1737.09,740
1737.38,737
1737.66,738
1737.94,737
1738.22,739
1738.5,738
1738.78,739
1739.06,741
1739.34,736
1739.63,737
1739.91,738
1740.19,742
1740.47,737
1740.75,738
1741.03,739
1741.31,741
1741.59,738
1741.88,738
1742.16,741
1742.44,739
1742.72,736
1743,737
1743.28,737
1743.56,735
1743.84,735
1744.13,740
1744.41,738
1744.69,739
1744.97,737
1745.25,736
1745.53,733
1745.81,736
1746.09,735
1746.38,738
1746.66,736
1746.94,734
1747.22,736
1747.5,736
1747.78,732
1748.06,734
1748.34,739
1748.63,736
1748.91,737
1749.19,734
1749.47,734
1749.75,737
1750.03,736
1750.31,735
1750.59,733
1750.88,735
1751.16,735
1751.44,736
1751.72,734
1752,734
1752.28,734
1752.56,733
1752.84,737
1753.13,733
1753.41,736
1753.69,734
1753.97,735
1754.25,731
1754.53,732
1754.81,732
1755.09,734
1755.38,733
1755.66,733
1755.94,733
1756.22,732
1756.5,734
1756.78,735
1757.06,735
1757.34,731
1757.63,732
1757.91,734
1758.19,733
1758.47,732
1758.75,734
1759.03,733
1759.31,732
1759.59,734
1759.88,734
1760.16,732
1760.44,732
1760.72,732
1761,733
1761.28,735
1761.56,732
1761.84,732
1762.13,730
1762.41,731
1762.69,731
1762.97,730
1763.25,729
1763.53,731
1763.81,730
1764.09,731
1764.38,731
1764.66,732
1764.94,733
1765.22,732
1765.5,731
1765.78,729
1766.06,733
1766.34,731
1766.63,732
1766.91,729
1767.19,732
1767.47,731
1767.75,731
1768.03,731
1768.31,729
1768.59,731
1768.88,729
1769.16,731
1769.44,731
1769.72,730
1770,733
1770.28,733
1770.56,729
1770.84,731
1771.13,731
1771.41,731
1771.69,729
1771.97,731
1772.25,728
1772.53,728
1772.81,729
1773.09,730
1773.38,730
1773.66,734
1773.94,732
1774.22,730
1774.5,732
1774.78,730
1775.06,729
1775.34,728
1775.63,729
1775.91,727
1776.19,729
1776.47,728
1776.75,729
1777.03,728
1777.31,731
1777.59,728
1777.88,725
1778.16,730
1778.44,730
1778.72,730
1779,729
1779.28,728
1779.56,731
1779.84,731
1780.13,728
1780.41,729
1780.69,729
1780.97,729
1781.25,727
1781.53,729
1781.81,728
1782.09,728
1782.38,728
1782.66,725
1782.94,728
1783.22,728
1783.5,726
1783.78,726
1784.06,729
1784.34,729
1784.63,726
1784.91,728
1785.19,730
1785.47,727
1785.75,727
1786.03,728
1786.31,724
1786.59,727
1786.88,729
1787.16,728
1787.44,727
1787.72,726
1788,727
1788.28,727
1788.56,728
1788.84,726
1789.13,726
1789.41,726
1789.69,727
1789.97,728
1790.25,725
1790.53,724
1790.81,725
1791.09,726
1791.38,723
1791.66,725
1791.94,725
1792.22,725
1792.5,724
1792.78,728
1793.06,726
1793.34,727
1793.63,727
1793.91,725
1794.19,723
1794.47,725
1794.75,725
1795.03,724
1795.31,727
1795.59,725
1795.88,726
1796.16,726
1796.44,726
1796.72,725
1797,726
1797.28,727
1797.56,723
1797.84,724
1798.13,721
1798.41,726
1798.69,725
1798.97,723
1799.25,726
1799.53,726
1799.81,725
1800.09,724
1800.38,724
1800.66,727
1800.94,727
1801.22,726
1801.5,724
1801.78,725
1802.06,724
1802.34,725
1802.63,724
1802.91,725
1803.19,725
1803.47,723
1803.75,725
1804.03,725
1804.31,725
1804.59,725
1804.88,723
1805.16,726
1805.44,723
1805.72,726
1806,724
1806.28,725
1806.56,727
1806.84,723
1807.13,724
1807.41,724
1807.69,723
1807.97,724
1808.25,726
1808.53,723
1808.81,722
1809.09,725
1809.38,723
1809.66,724
1809.94,723
1810.22,721
1810.5,722
1810.78,724
1811.06,726
1811.34,724
1811.63,723
1811.91,721
1812.19,723
1812.47,721
1812.75,722
1813.03,721
1813.31,723
1813.59,728
1813.88,723
1814.16,722
1814.44,720
1814.72,724
1815,723
1815.28,724
1815.56,723
1815.84,722
1816.13,720
1816.41,722
1816.69,722
1816.97,722
1817.25,724
1817.53,723
1817.81,722
1818.09,721
1818.38,724
1818.66,723
1818.94,722
1819.22,721
1819.5,723
1819.78,720
1820.06,723
1820.34,720
1820.63,722
1820.91,720
1821.19,721
1821.47,721
1821.75,721
1822.03,721
1822.31,720
1822.59,717
1822.88,721
1823.16,720
1823.44,719
1823.72,720
1824,722
1824.28,724
1824.56,720
1824.84,721
1825.13,719
1825.41,719
1825.69,721
1825.97,721
1826.25,721
1826.53,719
1826.81,717
1827.09,719
1827.38,723
1827.66,722
1827.94,720
1828.22,721
1828.5,719
1828.78,720
1829.06,721
1829.34,718
1829.63,720
1829.91,721
1830.19,721
1830.47,718
1830.75,719
1831.03,722
1831.31,720
1831.59,720
1831.88,720
1832.16,720
1832.44,719
1832.72,718
1833,719
1833.28,717
1833.56,721
1833.84,720
1834.13,718
1834.41,720
1834.69,719
1834.97,720
1835.25,720
1835.53,720
1835.81,717
1836.09,718
1836.38,719
1836.66,718
1836.94,719
1837.22,718
1837.5,719
1837.78,719
1838.06,719
1838.34,717
1838.63,718
1838.91,720
1839.19,718
1839.47,718
1839.75,720
1840.03,718
1840.31,720
1840.59,719
1840.88,717
1841.16,717
1841.44,718
1841.72,717
1842,717
1842.28,718
1842.56,718
1842.84,716
1843.13,716
1843.41,717
1843.69,717
1843.97,716
1844.25,721
1844.53,715
1844.81,715
1845.09,717
1845.38,719
1845.66,718
1845.94,715
1846.22,717
1846.5,718
1846.78,719
1847.06,719
1847.34,718
1847.63,718
1847.91,716
1848.19,717
1848.47,718
1848.75,717
1849.03,715
1849.31,715
1849.59,713
1849.88,714
1850.16,715
1850.44,717
1850.72,717
1851,716
1851.28,716
1851.56,714
1851.84,715
1852.13,714
1852.41,714
1852.69,716
1852.97,718
1853.25,718
1853.53,715
1853.81,716
1854.09,715
1854.38,718
1854.66,719
1854.94,717
1855.22,717
1855.5,716
1855.78,717
1856.06,720
1856.34,717
1856.63,714
1856.91,714
1857.19,716
1857.47,714
1857.75,715
1858.03,716
1858.31,714
1858.59,714
1858.88,715
1859.16,715
1859.44,715
1859.72,715
1860,715
1860.28,715
1860.56,714
1860.84,714
1861.13,715
1861.41,715
1861.69,715
1861.97,716
1862.25,715
1862.53,715
1862.81,716
1863.09,715
1863.38,717
1863.66,712
1863.94,711
1864.22,712
1864.5,712
1864.78,714
1865.06,715
1865.34,714
1865.63,713
1865.91,716
1866.19,714
1866.47,713
1866.75,712
1867.03,714
1867.31,713
1867.59,716
1867.88,712
1868.16,716
1868.44,714
1868.72,714
1869,714
1869.28,711
1869.56,713
1869.84,718
1870.13,714
1870.41,715
1870.69,716
1870.97,713
1871.25,713
1871.53,713
1871.81,712
1872.09,714
1872.38,713
1872.66,714
1872.94,711
1873.22,713
1873.5,712
1873.78,712
1874.06,714
1874.34,713
1874.63,712
1874.91,713
1875.19,713
1875.47,712
1875.75,713
1876.03,712
1876.31,713
1876.59,714
1876.88,715
1877.16,713
1877.44,712
1877.72,713
1878,711
1878.28,713
1878.56,714
1878.84,713
1879.13,714
1879.41,714
1879.69,713
1879.97,713
1880.25,711
1880.53,712
1880.81,712
1881.09,712
1881.38,711
1881.66,711
1881.94,711
1882.22,712
1882.5,710
1882.78,712
1883.06,710
1883.34,712
1883.63,710
1883.91,713
1884.19,709
1884.47,711
1884.75,711
1885.03,710
1885.31,711
1885.59,711
1885.88,712
1886.16,712
1886.44,713
1886.72,713
1887,715
1887.28,712
1887.56,713
1887.84,713
1888.13,710
1888.41,713
1888.69,713
1888.97,715
1889.25,710
1889.53,711
1889.81,713
1890.09,707
1890.38,712
1890.66,710
1890.94,711
1891.22,711
1891.5,710
1891.78,712
1892.06,712
1892.34,711
1892.63,710
1892.91,710
1893.19,712
1893.47,710
1893.75,711
1894.03,710
1894.31,711
1894.59,711
1894.88,711
1895.16,714
1895.44,709
1895.72,713
1896,709
1896.28,712
1896.56,711
1896.84,711
1897.13,710
1897.41,713
1897.69,709
1897.97,710
1898.25,711
1898.53,708
1898.81,709
1899.09,710
1899.38,713
1899.66,709
1899.94,710
1900.22,712
1900.5,711
1900.78,710
1901.06,714
1901.34,712
1901.63,708
1901.91,711
1902.19,710
1902.47,711
1902.75,711
1903.03,708
1903.31,712
1903.59,711
1903.88,711
1904.16,712
1904.44,711
1904.72,708
1905,712
1905.28,711
1905.56,710
1905.84,708
1906.13,711
1906.41,710
1906.69,709
1906.97,710
1907.25,710
1907.53,709
1907.81,711
1908.09,707
1908.38,708
1908.66,713
1908.94,709
1909.22,709
1909.5,710
1909.78,709
1910.06,709
1910.34,709
1910.63,711
1910.91,709
1911.19,710
1911.47,710
1911.75,709
1912.03,710
1912.31,710
1912.59,708
1912.88,707
1913.16,710
1913.44,712
1913.72,710
1914,711
1914.28,710
1914.56,710
1914.84,713
1915.13,709
1915.41,711
1915.69,710
1915.97,710
1916.25,711
1916.53,710
1916.81,708
1917.09,707
1917.38,707
1917.66,711
1917.94,709
1918.22,706
1918.5,706
1918.78,712
1919.06,710
1919.34,707
1919.63,707
1919.91,705
1920.19,707
1920.47,708
1920.75,710
1921.03,706
1921.31,710
1921.59,709
1921.88,708
1922.16,709
1922.44,708
1922.72,711
1923,705
1923.28,708
1923.56,708
1923.84,708
1924.13,710
1924.41,710
1924.69,709
1924.97,709
1925.25,711
1925.53,708
1925.81,709
1926.09,708
1926.38,708
1926.66,708
1926.94,707
1927.22,708
1927.5,709
1927.78,706
1928.06,708
1928.34,706
1928.63,705
1928.91,708
1929.19,707
1929.47,707
1929.75,709
1930.03,705
1930.31,708
1930.59,708
1930.88,708
1931.16,707
1931.44,707
1931.72,709
1932,709
1932.28,709
1932.56,708
1932.84,711
1933.13,710
1933.41,711
1933.69,710
1933.97,707
1934.25,709
1934.53,709
1934.81,707
1935.09,708
1935.38,709
1935.66,709
1935.94,708
1936.22,705
1936.5,706
1936.78,707
1937.06,706
1937.34,708
1937.63,708
1937.91,707
1938.19,708
1938.47,708
1938.75,708
1939.03,708
1939.31,711
1939.59,707
1939.88,705
1940.16,704
1940.44,706
1940.72,708
1941,710
1941.28,707
1941.56,707
1941.84,705
1942.13,708
1942.41,710
1942.69,709
1942.97,708
1943.25,710
1943.53,711
1943.81,706
1944.09,707
1944.38,705
1944.66,704
1944.94,705
1945.22,706
1945.5,707
1945.78,706
1946.06,706
1946.34,709
1946.63,706
1946.91,707
1947.19,705
1947.47,705
1947.75,707
1948.03,703
1948.31,705
1948.59,708
1948.88,707
1949.16,707
1949.44,707
1949.72,710
1950,704
1950.28,707
1950.56,709
1950.84,707
1951.13,706
1951.41,706
1951.69,706
1951.97,708
1952.25,709
1952.53,708
1952.81,707
1953.09,704
1953.38,703
1953.66,705
1953.94,705
1954.22,705
1954.5,705
1954.78,706
1955.06,705
1955.34,704
1955.63,704
1955.91,708
1956.19,706
1956.47,704
1956.75,705
1957.03,704
1957.31,705
1957.59,707
1957.88,706
1958.16,708
1958.44,706
1958.72,712
1959,702
1959.28,706
1959.56,708
1959.84,707
1960.13,707
1960.41,703
1960.69,707
1960.97,704
1961.25,707
1961.53,706
1961.81,707
1962.09,705
1962.38,704
1962.66,705
1962.94,705
1963.22,702
1963.5,705
1963.78,705
1964.06,705
1964.34,708
1964.63,706
1964.91,704
1965.19,705
1965.47,704
1965.75,703
1966.03,706
1966.31,705
1966.59,705
1966.88,703
1967.16,708
1967.44,707
1967.72,701
1968,705
1968.28,709
1968.56,704
1968.84,704
1969.13,705
1969.41,707
1969.69,703
1969.97,706
1970.25,705
1970.53,706
1970.81,704
1971.09,707
1971.38,709
1971.66,703
1971.94,704
1972.22,703
1972.5,702
1972.78,706
1973.06,702
1973.34,705
1973.63,706
1973.91,704
1974.19,705
1974.47,705
1974.75,705
1975.03,705
1975.31,703
1975.59,700
1975.88,705
1976.16,703
1976.44,704
1976.72,702
1977,702
1977.28,706
1977.56,706
1977.84,706
1978.13,708
1978.41,703
1978.69,705
1978.97,704
1979.25,706
1979.53,704
1979.81,705
1980.09,705
1980.38,707
1980.66,702
1980.94,705
1981.22,705
1981.5,704
1981.78,705
1982.06,703
1982.34,705
1982.63,704
1982.91,703
1983.19,705
1983.47,702
1983.75,704
1984.03,704
1984.31,702
1984.59,701
1984.88,701
1985.16,703
1985.44,703
1985.72,703
1986,702
1986.28,707
1986.56,703
1986.84,704
1987.13,702
1987.41,704
1987.69,704
1987.97,704
1988.25,704
1988.53,704
1988.81,704
1989.09,702
1989.38,704
1989.66,706
1989.94,703
1990.22,706
1990.5,704
1990.78,704
1991.06,704
1991.34,701
1991.63,704
1991.91,701
1992.19,703
1992.47,702
1992.75,703
1993.03,702
1993.31,703
1993.59,700
1993.88,700
1994.16,704
1994.44,701
1994.72,704
1995,704
1995.28,698
1995.56,701
1995.84,701
1996.13,700
1996.41,703
1996.69,703
1996.97,702
1997.25,703
1997.53,704
1997.81,702
1998.09,702
1998.38,704
1998.66,704
1998.94,701
1999.22,705
1999.5,704
1999.78,703
2000.06,702
2000.34,704
2000.63,704
2000.91,702
2001.19,701
2001.47,700
2001.75,700
2002.03,699
2002.31,700
2002.59,700
2002.88,702
2003.16,701
2003.44,699
2003.72,700
2004,701
2004.28,701
2004.56,702
2004.84,699
2005.13,700
2005.41,700
2005.69,703
2005.97,701
2006.25,700
2006.53,701
2006.81,701
2007.09,702
2007.38,700
2007.66,701
2007.94,704
2008.22,704
2008.5,704
2008.78,701
2009.06,700
2009.34,700
2009.63,702
2009.91,704
2010.19,703
2010.47,700
2010.75,702
2011.03,704
2011.31,700
2011.59,702
2011.88,695
2012.16,701
2012.44,702
2012.72,701
2013,700
2013.28,700
2013.56,696
2013.84,699
2014.13,699
2014.41,700
2014.69,701
2014.97,700
2015.25,701
2015.53,700
2015.81,699
2016.09,702
2016.38,700
2016.66,702
2016.94,700
2017.22,701
2017.5,702
2017.78,703
2018.06,702
2018.34,701
2018.63,704
2018.91,702
2019.19,701
2019.47,702
2019.75,702
2020.03,697
2020.31,699
2020.59,700
2020.88,700
2021.16,699
2021.44,700
2021.72,700
2022,702
2022.28,700
2022.56,697
2022.84,699
2023.13,700
2023.41,700
2023.69,701
2023.97,700
2024.25,700
2024.53,701
2024.81,701
2025.09,700
2025.38,702
2025.66,699
2025.94,701
2026.22,703
2026.5,702
2026.78,700
2027.06,699
2027.34,701
2027.63,699
2027.91,699
2028.19,701
2028.47,702
2028.75,703
2029.03,698
2029.31,700
2029.59,698
2029.88,700
2030.16,700
2030.44,701
2030.72,701
2031,701
2031.28,698
2031.56,699
2031.84,699
2032.13,702
2032.41,700
2032.69,699
2032.97,699
2033.25,696
2033.53,696
2033.81,699
2034.09,698
2034.38,698
2034.66,697
2034.94,696
2035.22,699
2035.5,700
2035.78,699
2036.06,701
2036.34,698
2036.63,702
2036.91,698
2037.19,699
2037.47,699
2037.75,698
2038.03,700
2038.31,700
2038.59,701
2038.88,700
2039.16,700
2039.44,699
2039.72,702
2040,701
2040.28,698
2040.56,696
2040.84,697
2041.13,698
2041.41,703
2041.69,703
2041.97,699
2042.25,699
2042.53,700
2042.81,698
2043.09,698
2043.38,699
2043.66,700
2043.94,701
2044.22,699
2044.5,701
2044.78,698
2045.06,698
2045.34,699
2045.63,703
2045.91,698
2046.19,697
2046.47,699
2046.75,703
2047.03,700
2047.31,699
2047.59,700
2047.88,701
2048.16,702
2048.44,699
2048.72,700
2049,700
2049.28,702
2049.56,703
2049.84,700
2050.13,700
2050.41,698
2050.69,701
2050.97,703
2051.25,698
2051.53,698
2051.81,698
2052.09,697
2052.38,698
2052.66,697
2052.94,697
2053.22,698
2053.5,699
2053.78,698
2054.06,694
2054.34,697
2054.63,698
2054.91,699
2055.19,697
2055.47,697
2055.75,699
2056.03,696
2056.31,698
2056.59,698
2056.88,699
2057.16,700
2057.44,699
2057.72,698
2058,700
2058.28,698
2058.56,699
2058.84,701
2059.13,698
2059.41,700
2059.69,698
2059.97,697
2060.25,703
2060.53,698
2060.81,699
2061.09,698
2061.38,699
2061.66,699
2061.94,698
2062.22,699
2062.5,695
2062.78,700
2063.06,698
2063.34,697
2063.63,698
2063.91,698
2064.19,696
2064.47,698
2064.75,698
2065.03,697
2065.31,699
2065.59,694
2065.88,699
2066.16,698
2066.44,696
2066.72,698
2067,697
2067.28,700
2067.56,693
2067.84,699
2068.13,698
2068.41,697
2068.69,698
2068.97,699
2069.25,699
2069.53,696
2069.81,697
2070.09,698
2070.38,698
2070.66,697
2070.94,698
2071.22,698
2071.5,698
2071.78,697
2072.06,698
2072.34,696
2072.63,697
2072.91,699
2073.19,699
2073.47,697
2073.75,702
2074.03,696
2074.31,700
2074.59,698
2074.88,700
2075.16,698
2075.44,698
2075.72,700
2076,698
2076.28,697
2076.56,698
